case_id	lane	source_path	target_file	target_profile	kernel_feature	verdict	axiom_footprint	negative_case	test_command	status	notes
NOTATION-001	Notation	/home/aimama/aihub/GPT-Pro_Responses/MeTTaKernel/notation_kernel.metta	Notation/01_invertible_mixfix.metta	OSLF	LanguageDef table-as-data printer: de Bruijn AST prints with fresh capture-free names	accept	none	none	bash run_all.sh	checked	Internal seed from Web-Claude/Codex brainstorming; external mixfix/BNFC/GF source-backed rows should extend this.
NOTATION-002	Notation	/home/aimama/aihub/GPT-Pro_Responses/MeTTaKernel/notation_kernel.metta	Notation/01_invertible_mixfix.metta	OSLF	round-trip faithfulness: prsT(prT(t)) = t for Lam/Sep/nested binders	accept	none	none	bash run_all.sh	checked	CeTTa gate checks parse-after-print on three representative ASTs.
NOTATION-003	Notation	/home/aimama/aihub/GPT-Pro_Responses/MeTTaKernel/notation_kernel.metta	Notation/01_invertible_mixfix.metta	OSLF	alpha quotient: different bound names parse to identical de Bruijn AST	accept	none	none	bash run_all.sh	checked	Binding adequacy seed: lambda p and lambda q forms parse to the same AST.
NOTATION-004	Notation	/home/aimama/aihub/GPT-Pro_Responses/MeTTaKernel/notation_kernel.metta	Notation/01_invertible_mixfix.metta	OSLF	free-vs-bound name resolution	accept	none	none	bash run_all.sh	checked	Outside a binder, x parses as Atom x rather than Var.
NOTATION-005	Notation	/home/aimama/aihub/GPT-Pro_Responses/MeTTaKernel/notation_kernel.metta	Notation/01_invertible_mixfix.metta	OSLF	notation admission: concrete syntax forms must be injective	accept	none	non-injective table with Mem/Sub sharing one concrete syntax form must reject	bash run_all.sh	checked	First negative for notation admission; this is not yet ambiguity/precedence completeness.
EQ-idj-core	Lean	/home/aimama/aihub/repos/itp-curriculum-sources/lean4_core/src/Init/Prelude.lean	/home/aimama/aihub/Mettapedia/MettaKernel/kernel/kernel_signature_lf_indexed_v0.metta	DTT	intensional Id/J + transport + cong	accept	none	no	cetta kernel_signature_lf_indexed_v0.metta	checked	our core: Id a DIndG, J its generated eliminator, plus-O-r via J, axiom-free (v6)
EQ-funext	Lean	/home/aimama/aihub/Mettapedia/MettaKernel/Curriculum/Lean/15_impredicative_axioms.lean; /home/aimama/aihub/repos/itp-curriculum-sources/lean4_core/src/Init/Classical.lean	Lean/15_impredicative_axioms.lean	DTT	function extensionality	requires-explicit-axiom	funext<=Quot.sound	no	bash run_all.sh	checked	reference: Lean derives funext from Quot.sound (#print axioms). Intensional core does NOT prove it
EQ-propext	Lean	/home/aimama/aihub/Mettapedia/MettaKernel/Curriculum/Lean/15_impredicative_axioms.lean	Lean/15_impredicative_axioms.lean	DTT	propositional extensionality	requires-explicit-axiom	propext	no	bash run_all.sh	checked	axiom/trusted in Lean; not in intensional core
EQ-choice	Lean	/home/aimama/aihub/Mettapedia/MettaKernel/Curriculum/Lean/15_impredicative_axioms.lean; /home/aimama/aihub/repos/itp-curriculum-sources/lean4_core/src/Init/Classical.lean	Lean/15_impredicative_axioms.lean	DTT	classical choice / EM	requires-explicit-axiom	Classical.choice+propext+Quot.sound	no	bash run_all.sh	checked	em' depends on choice; classical profile only, never core
EQ-quot-sound	Lean	/home/aimama/aihub/Mettapedia/MettaKernel/Curriculum/Lean/13_quotients.lean	Lean/13_quotients.lean	DTT	quotient soundness (Quot.sound)	requires-explicit-axiom	Quot.sound	no	bash run_all.sh	checked	quotient foundation = trusted axiom in Lean; our core has no quotients
EQ-quot-compute	Lean	/home/aimama/aihub/Mettapedia/MettaKernel/Curriculum/Lean/13_quotients.lean	Lean/13_quotients.lean	DTT	quot-lift/ind computation	accept	(only Quot.sound)	no	bash run_all.sh	checked	Quot.lift f h (Quot.mk a) ~> f a is a kernel rule; only quot-sound is the axiom
EQ-proof-irrel	Lean	/home/aimama/aihub/Mettapedia/MettaKernel/Curriculum/Lean/14_proof_irrelevance_eta.lean	Lean/14_proof_irrelevance_eta.lean	DTT	proof irrelevance	requires-explicit-axiom	Lean proof-irrelevance kernel rule / profile tag	no	bash run_all.sh	checked	Lean: any two Prop proofs defeq. Our intensional lambda-Pi is proof-RELEVANT; profile distinction
EQ-eta	Lean	/home/aimama/aihub/Mettapedia/MettaKernel/Curriculum/Lean/14_proof_irrelevance_eta.lean	kernel/kernel_signature_lf_indexed_v0.metta	DTT	function/structure eta	reject	none	no	cetta kernel_signature_lf_indexed_v0.metta	checked	VERIFIED our core is ETA-FREE: (lambda x. s x) NOT defeq s; pinned as kernel self-test. Lean has eta by defeq (profile distinction)
EQ-impred	Lean	/home/aimama/aihub/Mettapedia/MettaKernel/Curriculum/Lean/15_impredicative_axioms.lean	kernel/kernel_signature_lf_indexed_v0.metta	DTT	impredicative Prop (imax)	reject	none	no	cetta kernel_signature_lf_indexed_v0.metta	checked	VERIFIED PREDICATIVE: (Pi X:Type. X) : kind not Type; pinned as kernel self-test. Lean has impredicative Prop (profile distinction)
EQ-uip-k	Agda	/home/aimama/aihub/literature/Type_Theory/ITP_Curriculum_Expansion/Agda_without_K.html; /home/aimama/aihub/repos/itp-curriculum-sources/agda_cubical	(planned)	cubical	UIP / axiom K	requires-explicit-axiom	axiom K	no	(planned: no Agda gate)	planned	UIP unprovable in intensional MLTT without K; Agda --without-K rejects, --with-K accepts
EQ-cubical-funext	cubical	/home/aimama/aihub/repos/itp-curriculum-sources/agda_cubical/Cubical/Foundations/Univalence.agda	(planned)	cubical	funext/univalence (computational)	accept	(cubical primitives)	no	(planned: no Agda gate)	planned	cubical = EXTENSIONAL pole: funext+univalence computational; separate profile
EQ-bisim	HOL	/home/aimama/aihub/repos/itp-curriculum-sources/hol4/examples/CCS	(planned)	HOL	bisimilarity as a relation distinct from kernel equality	accept	none	no	(planned: no gate yet)	planned	behavioral equivalence is a defined relation NOT kernel equality; connects v6 conv-as-bisimulation-quotient bridge
PV-imp	ProgramVerification	/home/aimama/aihub/repos/itp-curriculum-sources/coq_software_foundations/plf-current/Imp.v	ProgramVerification/CoqPLF/PV01_imp.v	PV	Imp big-step opsem	accept	none	inline Fail negatives	bash run_all.sh	checked	migrated from ProgramVerification/coverage.tsv
PV-hoare	ProgramVerification	/home/aimama/aihub/repos/itp-curriculum-sources/coq_software_foundations/plf-current/Hoare.v	ProgramVerification/CoqPLF/PV02_hoare.v	PV	Hoare logic soundness	accept	none	inline Fail negative	bash run_all.sh	checked	migrated
PV-stlc	ProgramVerification	/home/aimama/aihub/repos/itp-curriculum-sources/coq_software_foundations/plf-current/Stlc.v	ProgramVerification/CoqPLF/PV04_stlc.v;ProgramVerification/CoqPLF/PV05_stlc_preservation.v	PV	STLC progress + preservation	accept	none	inline Fail negative	bash run_all.sh	checked	migrated; real STLC w/ capture-subst
IND-indexed-pos	Lean	/home/aimama/aihub/literature/Type_Theory/ITP_Curriculum_Expansion/Dybjer_Inductive_Families.pdf; /home/aimama/aihub/repos/itp-curriculum-sources/rocq_core/test-suite/success/Scheme.v	/home/aimama/aihub/Mettapedia/MettaKernel/kernel/kernel_signature_lf_indexed_v0.metta	DTT	generated indexed induction Nat/List/Vec/Fin/Id	accept	none	no	cetta kernel_signature_lf_indexed_v0.metta	checked	v6 generated eliminators + iota; J for Id
IND-neg	Lean	/home/aimama/aihub/repos/itp-curriculum-sources/rocq_core/test-suite/failure/inductive.v	/home/aimama/aihub/Mettapedia/MettaKernel/kernel/kernel_signature_lf_indexed_v0.metta	DTT	indexed-induction negatives	reject	none	bad-motive/wrong-index/non-strict-positivity/extra-case	cetta kernel_signature_lf_indexed_v0.metta	checked	v6 typed negatives; extend with Rocq Scheme/positivity source-backed (planned)
HOL-ext	HOL	/home/aimama/aihub/repos/itp-curriculum-sources/hol_light; /home/aimama/aihub/repos/itp-curriculum-sources/hol4	(planned)	HOL	classical + function extensionality (HOL profile)	accept	EXT+classical	no	(planned)	planned	HOL is an explicit extensional/classical profile, not a defect in DTT; record as separate profile
NOTATION-006	Notation	/home/aimama/aihub/GPT-Pro_Responses/MeTTaKernel/notation_kernel.metta	Notation/01_invertible_mixfix.metta	OSLF	binder shadowing + capture-free printing + free-variable preservation	accept	none	shadowing/capture bugs must not pass	bash run_all.sh	checked	Extends the seed with lexical shadowing, nested binder printing in both directions, and free-var preservation.
NOTATION-007	Notation	/home/aimama/aihub/repos/itp-curriculum-sources/lean4_core/tests/elab/mixfix.lean	Notation/02_precedence_assoc.metta	OSLF	precedence and associativity for infix notation	accept	none	wrong parse tree for plus/times/minus/pow	bash run_all.sh	checked	Source anchor has Lean mixfix precedences (`infix:65`, `infix:70`, `infixr:30`); our CeTTa seed checks analogous precedence, left-assoc, and right-assoc behavior.
NOTATION-008	Notation	/home/aimama/aihub/repos/itp-curriculum-sources/lean4_core/src/Lean/Elab/Mixfix.lean	Notation/02_precedence_assoc.metta	OSLF	operator-table admission: duplicate tokens and mixed associativity at one precedence reject	reject	none	duplicate token or mixed-assoc table	bash run_all.sh	checked	Conservative L0 admission negative; full ambiguity analysis is a later BNFC/GF-level row.
NOTATION-009	Notation	/home/aimama/aihub/repos/gf-core/src/compiler/GF/Grammar/BNFC.hs	Notation/02_precedence_assoc.metta	OSLF	one AST with two concrete syntax forms: infix tokens and s-expression tokens	accept	none	concrete syntax forms disagree on AST	bash run_all.sh	checked	First multilingual concrete syntax benchmark: both parsers return the same AST; source anchor is local GF BNFC machinery.
NOTATION-010	Notation	/home/aimama/aihub/repos/gf-core/src/compiler/GF/Grammar/BNFC.hs	(planned)	OSLF	BNFC/GF-grade parser-printer generation and conflict detection	accept	none	ambiguous grammar/table rejected	(planned)	planned	Next source-backed expansion: lift mixfix++ toward labelled BNF/GF while preserving table-as-data + round-trip laws.
NOTATION-011	Notation	Notation/mutation_check.sh	Notation/mutation_check.sh	OSLF	notation gate mutation hardening: broken oracle variants must fail	reject	none	non-injective table; mixed associativity; capture-unsafe printer; broken prsT-after-prT	bash run_all.sh	checked	Deliberately mutates temporary copies of 01/02 and requires CeTTa to catch each regression; proves the notation gate bites.
NOTATION-012	Notation	/home/aimama/aihub/Mettapedia/MettaKernel/kernel/kernel_signature_lf_v0.metta	Notation/03_lf_concrete_syntax_hook.metta	OSLF	LF LanguageDef concrete syntax: parse lambda/application/rfl notation to kernel AST and type-check	accept	none	no	bash run_all.sh	checked	Imports the real LF kernel seed; concrete syntax parses to Lam/App/rfl kernel terms that check under good-sig.
NOTATION-013	Notation	/home/aimama/aihub/Mettapedia/MettaKernel/kernel/kernel_signature_lf_v0.metta	Notation/03_lf_concrete_syntax_hook.metta	OSLF	LF LanguageDef negative: parse can succeed while kernel rejects the term	reject	none	applying z as a function; rfl against the wrong equality target	bash run_all.sh	checked	Confirms the parser is not trusted as proof: parsed ASTs still pass through kernel-check and bad targets return Err check-failed.
NOTATION-014	Notation	/home/aimama/aihub/Mettapedia/MettaKernel/Curriculum/Megalodon/04_extensionality_choice.mg; /home/aimama/aihub/Mettapedia/MettaKernel/Curriculum/Megalodon/07_separation_replacement.mg	Notation/04_megalodon_hotg_concrete_syntax.metta	HOTG	Megalodon/HOTG concrete declaration syntax parses to explicit profile AST with axiom footprint	accept	set_ext; Sep_Subq; ReplI	no	bash run_all.sh	checked	Source-shaped Axiom/Theorem concrete syntax forms for set_ext, Subq_refl, sep_is_subq, and repl_elem parse to HotgDecl records carrying the HOTG ledger footprint.
NOTATION-015	Notation	/home/aimama/aihub/Mettapedia/MettaKernel/Curriculum/Megalodon/04_extensionality_choice.mg; /home/aimama/aihub/Mettapedia/MettaKernel/Curriculum/Megalodon/07_separation_replacement.mg	Notation/04_megalodon_hotg_concrete_syntax.metta	HOTG	Megalodon/HOTG malformed concrete syntax rejection	reject	none	missing forall binder colon; mismatched set-builder binder; unknown theorem ledger entry	bash run_all.sh	checked	Confirms the HOTG concrete syntax recognizer rejects malformed binder syntax and refuses theorem declarations without a known profile ledger entry.
NOTATION-016	Notation	/home/aimama/aihub/repos/itp-curriculum-sources/hol_light/100/cantor.ml	(planned)	HOL	HOL Light concrete syntax comparison for notation design	accept	EXT+classical	no	(planned)	planned	HOL Light is source-backed comparison only until a real local parser/gate exists; do not claim checked HOL Light parsing here.
AX-prov-axiomfree	Lean	/home/aimama/aihub/repos/itp-curriculum-sources/lean4_core/src/Lean/Util/CollectAxioms.lean	/home/aimama/aihub/Mettapedia/MettaKernel/kernel/kernel_signature_lf_indexed_v0.metta	DTT	CheckedPrf provenance: axiom-free proof shows ANil	accept	ANil (none)	no	cetta kernel_signature_lf_indexed_v0.metta	checked	in-kernel mirror of Lean #print axioms: a generated-J proof mints CheckedPrf with empty axiom list (v6)
AX-prov-axiombearing	Lean	/home/aimama/aihub/repos/itp-curriculum-sources/lean4_core/src/Lean/Util/CollectAxioms.lean	/home/aimama/aihub/Mettapedia/MettaKernel/kernel/kernel_signature_lf_indexed_v0.metta	DTT	CheckedPrf provenance: axiom use appears in footprint	accept	ACons axN ANil	no	cetta kernel_signature_lf_indexed_v0.metta	checked	an axiom used inside an IndG case appears in the CheckedPrf provenance (ACons axN) — mirrors #print axioms / CollectAxioms (v6)
HOTG-ext-choice	Megalodon	/home/aimama/aihub/Mettapedia/MettaKernel/Curriculum/Megalodon/04_extensionality_choice.mg	Megalodon/04_extensionality_choice.mg	HOTG	set/function extensionality + epsilon-choice	accept	HOTG foundation: set-extensionality + epsilon (Hilbert choice)	no	bash run_all.sh	checked	3 theorems; extensional+classical HOTG profile, explicitly NOT our intensional core
HOTG-tg-universe	Megalodon	/home/aimama/aihub/Mettapedia/MettaKernel/Curriculum/Megalodon/05_tg_universe.mg	Megalodon/05_tg_universe.mg	HOTG	Tarski-Grothendieck universe	accept	TG universe axiom (UnivOf)	no	bash run_all.sh	checked	3 theorems; the large-cardinal/TG axiom making HOTG a strong set theory; profile axiom, ledgered
HOTG-sep-repl	Megalodon	/home/aimama/aihub/Mettapedia/MettaKernel/Curriculum/Megalodon/07_separation_replacement.mg	Megalodon/07_separation_replacement.mg	HOTG	separation + replacement	accept	separation + replacement schemas	no	bash run_all.sh	checked	7 theorems; ZF-style set-formation as an explicit HOTG profile with its axiom ledger
SR-iota-preservation	Kernel	kernel/kernel_signature_lf_indexed_v0.metta	kernel/kernel_signature_lf_indexed_v0.metta	DTT	subject-reduction admission gate: sig-admitted-with-elims requires generated eliminator typechecks, explicit constructor-head orthogonality, and generated-iota LHS/RHS type-preservation certificates; witnesses also check infer t = infer (nf t)	accept	none	bad iota target shape, corrupted generated RHS, and RHS type mismatch reject as sr-iota-mismatch	bash kernel/run_kernel_parity.sh; bash kernel/run_sr_admission_gate.sh	checked	Admission-level fail-closed gate for nat/list/vec/fin/J/pair plus pair: each constructor generates closed iota LHS/RHS certificates and runs sr-iota-rule-status before kernel-check can mint CheckedPrf. Not the universal SR/confluence theorem. SR1-SR5 mutation gate proves orthogonality, generated-RHS preservation, target-shape, and rule-status teeth bite.
SR-iota-admission-mutation	Kernel	kernel/run_sr_admission_gate.sh	kernel/kernel_signature_lf_indexed_v0.metta	DTT	generated-iota SR admission mutation gate: injected orthogonality, preservation, generated-RHS, bad-target, and rule-type breaks must turn the indexed suite red	reject	none	duplicate constructor accepted; good signature over-rejected; generated iota RHS corrupted; bad iota target accepted; RHS type mismatch accepted	bash kernel/run_sr_admission_gate.sh	checked	Temporary source mutations only: baseline 127 assertions; SR1-SR5 go red. SR3 corrupts the generated iota RHS in the admission path, proving the gate is load-bearing without claiming the universal metatheorem.
BIND-capture-avoidance	Binding	/home/aimama/aihub/literature/Binding_Substitution/Chargueraud_2012_The_Locally_Nameless_Representation.pdf	kernel/kernel_signature_lf_indexed_v0.metta	DTT	subst capture-avoidance: free var into a lambda body is shifted (stays free, never captured)	accept	none	yes	bash kernel/run_binding_mutation_gate.sh	checked	B2; negative rejects the captured value (Var 0). Mutation M1 (drop under-binder shift) caught
BIND-index-decrement	Binding	/home/aimama/aihub/literature/Binding_Substitution/Schafer_Tebbi_Smolka_2015_Autosubst.pdf	kernel/kernel_signature_lf_indexed_v0.metta	DTT	subst index decrement: substituted var replaced, strictly-higher free vars decrement	accept	none	no	bash kernel/run_binding_mutation_gate.sh	checked	B3. Mutation M2 (drop decrement) caught
BIND-shift-under-binder	Binding	/home/aimama/aihub/literature/Binding_Substitution/Schafer_Tebbi_Smolka_2015_Autosubst.pdf	kernel/kernel_signature_lf_indexed_v0.metta	DTT	shift fixes a bound var under its own binder, moves a free var	accept	none	yes	bash kernel/run_binding_mutation_gate.sh	checked	B1; negative rejects fixing the free var. Mutations M3 (no cutoff bump) + M4 (off-by-one cutoff) caught
BIND-alpha-conv	Binding	/home/aimama/aihub/literature/Binding_Substitution/Gabbay_Pitts_2002_New_Approach_to_Abstract_Syntax_with_Variable_Binding.pdf	kernel/kernel_signature_lf_indexed_v0.metta	DTT	alpha-equivalence as conv: de Bruijn identifies alpha-equivalents; bound != free preserved; beta under a binder hits the right occurrence	accept	none	yes	cetta kernel_signature_lf_indexed_v0.metta	checked	B4; negative: lambda x.x not conv lambda x.y
BIND-shadowing	Binding	/home/aimama/aihub/literature/Binding_Substitution/Aydemir_etal_2005_POPLmark_Challenge.pdf	kernel/kernel_signature_lf_indexed_v0.metta	DTT	shadowing: a substituted free var travels through nested binders, staying free	accept	none	no	bash kernel/run_binding_mutation_gate.sh	checked	B5
BIND-indg-binders	Binding	/home/aimama/aihub/literature/Binding_Substitution/Aydemir_etal_2005_POPLmark_Challenge.pdf	kernel/kernel_signature_lf_indexed_v0.metta	DTT	shift/subst traverse IndG params/motive/cases/indices/scrut correctly	accept	none	no	bash kernel/run_binding_mutation_gate.sh	checked	B6; load-bearing IndG tooth. After live waist routing, mutation M5 (shift-cases body not shifted) is caught by both full and pre-capture baseline guards.
BIND-mutation-gate	Binding	kernel/run_binding_mutation_gate.sh	kernel/kernel_signature_lf_indexed_v0.metta; kernel/kernel_signature_lf_v0.metta; kernel/kernel_signature_lf_natrec_v0.metta; kernel/curriculum_lf_demo.metta; kernel/break_probes.metta; kernel/exp2_dtt_wall.metta; kernel/exp3_hotg_both_ways.metta; kernel/evaluator_ground_recursion_invariant.metta; kernel/kernel_binding_waist_v1.metta; kernel/kernel_binding_abtg_replay_v1.metta	DTT	binding mutation gate: indexed, lower LF/NatRec clients, parity demos/probes, ABT replay, recursive BindingDecl traversal, and fail-closed declarations all go red under injected breaks	accept	none	yes	bash kernel/run_binding_mutation_gate.sh	checked	mutation-complete: M1-M5 indexed live-waist breaks, L1-L5 lower LF/NatRec client breaks, P1-P4 parity-demo client breaks including exp3, and G1-G16 replay/arity/recursive-BindingDecl/fail-closed breaks all caught; acceptance spec for the shared binding waist
BIND-abtg-replay	Binding	/home/aimama/aihub/literature/Binding_Substitution/Harper_2012_Practical_Foundations_for_Programming_Languages_v1_32.pdf; /home/aimama/aihub/literature/Binding_Substitution/Sterling_Morrison_2016_Syntax_and_Semantics_of_Abstract_Binding_Trees.pdf	kernel/kernel_signature_lf_indexed_v0.metta; kernel/kernel_signature_lf_v0.metta; kernel/kernel_signature_lf_natrec_v0.metta; kernel/curriculum_lf_demo.metta; kernel/break_probes.metta; kernel/exp2_dtt_wall.metta; kernel/exp3_hotg_both_ways.metta; kernel/evaluator_ground_recursion_invariant.metta; kernel/kernel_binding_waist_v1.metta; kernel/kernel_binding_abt_engine_v1.metta; kernel/kernel_binding_abtg_replay_v1.metta; kernel/kernel_signature_lf_indexed_v0_petta.metta; kernel/kernel_signature_lf_v0_petta.metta; kernel/kernel_signature_lf_natrec_v0_petta.metta; kernel/curriculum_lf_demo_petta.metta; kernel/break_probes_petta.metta; kernel/exp2_dtt_wall_petta.metta; kernel/exp3_hotg_both_ways_petta.metta; kernel/evaluator_ground_recursion_invariant_petta.metta; kernel/kernel_binding_waist_v1_petta.metta; kernel/kernel_binding_abt_engine_v1_petta.metta; kernel/kernel_binding_abtg_replay_v1_petta.metta	DTT	active LF, NatRec, indexed, curriculum, break-probe, Exp2, Exp3, and evaluator clients delegate binding traversal to the minimal waist; replay checks public fast path equals generic bind-shift/bind-subst	accept	none	no	bash kernel/run_kernel_parity.sh	checked	Waist owns checked arity table incl. NatRecF, generic bind-shift/bind-subst, and public evaluator-stable shift/subst/Args/Cases fast path. Active parity clients have no active client-side per-form binding dispatch; ABT replay imports waist directly with explicit case-body expected value.
BIND-abtg-mutation-gate	Binding	/home/aimama/aihub/literature/Binding_Substitution/Schafer_Tebbi_Smolka_2015_Autosubst.pdf; /home/aimama/aihub/literature/Binding_Substitution/Aydemir_etal_2005_POPLmark_Challenge.pdf	kernel/kernel_signature_lf_indexed_v0.metta; kernel/kernel_signature_lf_v0.metta; kernel/kernel_signature_lf_natrec_v0.metta; kernel/curriculum_lf_demo.metta; kernel/break_probes.metta; kernel/exp2_dtt_wall.metta; kernel/exp3_hotg_both_ways.metta; kernel/evaluator_ground_recursion_invariant.metta; kernel/kernel_binding_waist_v1.metta; kernel/kernel_binding_abtg_replay_v1.metta	DTT	ABT binding waist mutation gate catches live indexed, lower LF/NatRec, parity-demo, replay/arity, recursive BindingDecl, and missing-declaration breaks	accept	none	yes	bash kernel/run_binding_mutation_gate.sh	checked	Live indexed mutations M1-M5, lower-client mutations L1-L5, parity-demo mutations P1-P4 including exp3, and replay/arity/BindingDecl mutations G1-G16 all caught; baseline guards enforce 116/102/23/32/20/9/15/14/7/46.
NOTATION-017	Notation	/home/aimama/aihub/literature/Binding_Substitution/Harper_2012_Practical_Foundations_for_Programming_Languages_v1_32.pdf; /home/aimama/aihub/literature/Binding_Substitution/Sterling_Morrison_2016_Syntax_and_Semantics_of_Abstract_Binding_Trees.pdf	Notation/05_abt_binding_admission.metta	OSLF	ABT-style LanguageDef table carries binding-shape declarations with notation forms	accept	none	malformed Lam binding shape and duplicate concrete syntax form reject	bash run_all.sh	checked	PFPL/Sterling-Morrison source-backed ABT seed: Bind1 body is table data, not parser folklore.
NOTATION-018	Notation	/home/aimama/aihub/literature/Binding_Substitution/Aydemir_etal_2005_POPLmark_Challenge.pdf; /home/aimama/aihub/literature/Binding_Substitution/Harper_2012_Practical_Foundations_for_Programming_Languages_v1_32.pdf	Notation/05_abt_binding_admission.metta	OSLF	named concrete syntax forms lower deterministically to canonical de Bruijn ASTs	accept	none	alpha/shadow/free-variable mistakes must not pass	bash run_all.sh	checked	Checks alpha quotient, lexical shadowing, and free variable preservation through the ABT binding declaration.
NOTATION-019	Notation	/home/aimama/aihub/literature/Binding_Substitution/Schafer_Tebbi_Smolka_2015_Autosubst.pdf; /home/aimama/aihub/literature/Binding_Substitution/Aydemir_etal_2005_POPLmark_Challenge.pdf	Notation/05_abt_binding_admission.metta	OSLF	capture-avoiding shift/subst support for notation binding	accept	none	missing shift or missing index decrement changes meaning	bash run_all.sh	checked	Local ABT oracle mirrors the kernel de Bruijn discipline and pins the classic silent capture bugs.
NOTATION-020	Notation	Notation/mutation_check.sh	Notation/mutation_check.sh	OSLF	ABT binding mutation hardening for the notation gate	reject	none	missing shift; missing index decrement; capture-unsafe printer	bash run_all.sh	checked	Mutation gate now corrupts 05_abt_binding_admission.metta and requires CeTTa to catch each binding regression.
NOTATION-021	Notation	/home/aimama/aihub/Mettapedia/MettaKernel/kernel/kernel_signature_lf_v0.metta; /home/aimama/aihub/literature/Binding_Substitution/Harper_2012_Practical_Foundations_for_Programming_Languages_v1_32.pdf	Notation/07_abt_lf_concrete_syntax_hook.metta	OSLF	ABT-lowered LF concrete syntax still goes through the real kernel checker without old/new shift collision	accept	none	parse succeeds but bad application is rejected by kernel-check; binding-shape drift and bad-canonical-acceptance mutations must fail	bash run_all.sh	checked	Combines 05's ABT binding table/lowering with 03's real LF checker hook: named LF concrete syntax forms lower to canonical de Bruijn AST and then pass through kernel-check. Mutation gate catches Lam binding-shape drift and a bad canonical judgment being admitted.
NOTATION-022	Notation	/home/aimama/aihub/GPT-Pro_Responses/MeTTaKernel/metta_notation.metta	Notation/06_metta_self_concrete_syntax.metta	OSLF	MeTTa concrete syntax read/write: real text parse/repr plus table-driven infix desugar/resugar over homoiconic core AST	accept	none	broken desugar or broken resugar/write must fail	bash run_all.sh	checked	CeTTa-gated promotion of the MeTTa concrete syntax seed; checks native parse, infix read, canonical write, and rd(wr(t)) = t.
NOTATION-023	Notation	/home/aimama/aihub/GPT-Pro_Responses/MeTTaKernel/metta_notation.metta	Notation/06_metta_self_concrete_syntax.metta	OSLF	MeTTa concrete syntax notation admission rejects non-injective or ambiguous sugar tables	reject	none	duplicate concrete syntax token; duplicate/ambiguous head declaration	bash run_all.sh	checked	Admission is table data, not parser folklore: bad duplicate-token and ambiguous-head tables reject.
NOTATION-024	Notation	/home/aimama/aihub/GPT-Pro_Responses/MeTTaKernel/metta_notation.metta	Notation/06_metta_self_concrete_syntax.metta	OSLF	MeTTa concrete syntax parser is not trusted: parsed/desugared terms still pass through the checker/evaluator boundary	reject	none	bad parsed nat-plus term must return Err check-failed, not evaluate by trusting parse	bash run_all.sh	checked	Concrete syntax text `(z plus k)` parses/desugars successfully but ms-check rejects and ms-concrete-syntax-eval returns Err check-failed.
NOTATION-025	Notation	Notation/mutation_check.sh	Notation/mutation_check.sh	OSLF	MeTTa concrete syntax mutation hardening for desugar, resugar/write, admission, and parser-trust bypass	reject	none	broken desugar; broken resugar; ignored non-injective admission; evaluator bypasses checker	bash run_all.sh	checked	Mutation gate corrupts 06_metta_self_concrete_syntax.metta and requires CeTTa to catch each regression.
CONV-soundness	Conv-shadow	/home/aimama/aihub/literature/Meredith_Greg/F1R3FLY_publications/denotational-semantics-for-rho/knot-rho.tex	kernel/conv_soundness_shadow_v1.metta	rho/GSLT	conv is a sound decidable shadow of context-bisimulation: structural-congruence (0-unit) conv P Q => P ~ Q (bounded bisim) on the finitary core	accept	none	no	bash kernel/run_conv_soundness_gate.sh	checked	conv subset of ~; operational complement to knot-rho FA; finitary/acyclic bound=8
CONV-strict-gap	Conv-shadow	/home/aimama/aihub/literature/Meredith_Greg/F1R3FLY_publications/denotational-semantics-for-rho/knot-rho.tex	kernel/conv_soundness_shadow_v1.metta	rho/GSLT	strict gap conv (XS) ~: pairs ~ but NOT conv (+-idempotence a+a~a, +/|-commutativity, expansion a|b ~ a.b+b.a) -- the CORRECT divergence	accept	none	yes	cetta conv_soundness_shadow_v1.metta	checked	Web Claude external criterion: conv (XS) ~ is correct, not a failure
CONV-no-false-id	Conv-shadow	/home/aimama/aihub/literature/Meredith_Greg/F1R3FLY_publications/denotational-semantics-for-rho/knot-rho.tex	kernel/conv_soundness_shadow_v1.metta	rho/GSLT	no conv-equal pair is ~-distinct (unsoundness probe); discriminators a.b+a.c vs a.(b+c) and a|a vs a refused by BOTH conv and ~	accept	none	yes	bash kernel/run_conv_soundness_gate.sh	checked	conv-implies-bisim holds suite-wide; the no-false-identification teeth
CONV-mutation-gate	Conv-shadow	kernel/run_conv_soundness_gate.sh	kernel/conv_soundness_shadow_v1.metta	rho/GSLT	mutation gate: every unsound conv coarsening (a+b==a, a|b==a, a.b==a.c) and ~ over-match turns the oracle red	accept	none	yes	bash kernel/run_conv_soundness_gate.sh	checked	mutation-complete 4/4; runnable form of the external criterion (unsoundness = conv identifying a ~-distinct pair)
OCOH-adequacy	Ocoherence	/home/aimama/aihub/literature/Meredith_Greg/F1R3FLY_publications/knotted-topoi/knotted-topoi.tex	kernel/ocoherence_hm_adequacy_v1.metta	rho/GSLT	bounded HM-adequacy positive: listed bisimilar processes agree on selected OSLF modal probe formulae (~ => modal-equivalence on the finitary examples)	accept	none	no	bash kernel/run_ocoherence_gate.sh	checked	bounded operational shadow of knotted-topoi keystone (Omega classifies bisimilarity); reuses conv_soundness_shadow_v1 LTS+bisim
OCOH-separating-witness	Ocoherence	/home/aimama/aihub/literature/Meredith_Greg/F1R3FLY_publications/knotted-topoi/knotted-topoi.tex	kernel/ocoherence_hm_adequacy_v1.metta	rho/GSLT	each listed ~/~ pair is split by an EXPLICIT <F>phi one satisfies and the other refutes: a.b+a.c vs a.(b+c) by <a>(<b>T and <c>T); a|a vs a by <a><a>T; a.b vs a.c by <a><b>T	accept	none	yes	bash kernel/run_ocoherence_gate.sh	checked	bounded constructive HM-adequacy teeth: listed ~/~ examples have explicit separating formulae
OCOH-triangle	Ocoherence	/home/aimama/aihub/literature/Meredith_Greg/F1R3FLY_publications/denotational-semantics-for-rho/knot-rho.tex	kernel/ocoherence_hm_adequacy_v1.metta	rho/GSLT	bounded conv subset of ~ subset of modal-eq examples tied on the 0-unit pair; the dT label a is both the LTS label (Tr a) and the modal index (FDia a) -- Firing = Witnessing	accept	none	no	cetta ocoherence_hm_adequacy_v1.metta	checked	closes the conv/~/<> triangle with imp_coherence_exp1 (<>/cert) and conv_soundness_shadow_v1 (conv/~)
OCOH-mutation-gate	Ocoherence	kernel/run_ocoherence_gate.sh	kernel/ocoherence_hm_adequacy_v1.metta	rho/GSLT	mutation gate: a modality ignoring its label, a vacuous diamond, a dropped conjunct, and ~ over-match each turn the oracle red	accept	none	yes	bash kernel/run_ocoherence_gate.sh	checked	mutation-complete 4/4 over the 24-assertion bounded oracle; the runnable teeth for the HM-adequacy shadow
OPC-correspondence	Opcorr	/home/aimama/aihub/literature/Meredith_Greg/F1R3FLY_publications/knotted-topoi/knotted-topoi.tex	kernel/mettarho_opcorr_shadow_v1.metta	rho/GSLT	FORWARD+BACKWARD: the desugaring's dT-transitions correspond exactly to the Peano-add GSLT rewrites, each on its location channel c(l)=quote(l); rw is the independent term-side reference, dfire reads channels off the desugared annotation	accept	none	no	bash kernel/run_mettarho_opcorr_gate.sh	checked	bounded operational shadow of knotted-topoi ob:opcorr; genuine 2-rule TRS, nested redexes; non-circular (dfire never calls rw/chan)
OPC-injectivity	Opcorr	/home/aimama/aihub/literature/Meredith_Greg/F1R3FLY_publications/knotted-topoi/knotted-topoi.tex	kernel/mettarho_opcorr_shadow_v1.metta	rho/GSLT	distinct redex locations get distinct channels (c(l)=quote(l) injective); a collapsing desugaring (constant channel) is detected -- the a|a vs a failure (knotted-topoi rem. freshness-by-quoting)	accept	none	yes	bash kernel/run_mettarho_opcorr_gate.sh	checked	the load-bearing teeth; dsg-bad collapse caught
OPC-bisim	Opcorr	/home/aimama/aihub/literature/Meredith_Greg/F1R3FLY_publications/knotted-topoi/knotted-topoi.tex	kernel/mettarho_opcorr_shadow_v1.metta	rho/GSLT	bounded bisimulation of the two transition systems over reachable terms (the desugaring and the GSLT agree all the way to normal form)	accept	none	no	cetta mettarho_opcorr_shadow_v1.metta	checked	opc-bisim depth 8; add terms terminate within bound, with explicit multi-step normalisation witnesses for add(s(s z), s z)
OPC-mutation-gate	Opcorr	kernel/run_mettarho_opcorr_gate.sh	kernel/mettarho_opcorr_shadow_v1.metta	rho/GSLT	mutation gate: channel collision, wrong location, and dropped/wrong re-emit each turn the oracle red	accept	none	yes	bash kernel/run_mettarho_opcorr_gate.sh	checked	mutation-complete 4/4; exact-19 baseline guard before mutation testing
IND-strict-positivity	Induction	/home/aimama/aihub/repos/itp-curriculum-sources/rocq_core/test-suite/failure/inductive.v	kernel/kernel_signature_lf_indexed_v0.metta	DTT	DInd strict positivity: a non-strictly-positive constructor (family in an argument's Pi-domain) is rejected at admission	reject	none	yes	cetta kernel_signature_lf_indexed_v0.metta	checked	anchor bad-pos-sig/bad-nested-pos-sig = False; matches Coq/Rocq rejecting non-strictly-positive inductives (Bad := (Bad->False)->Bad)
IND-param-uniformity	Induction	/home/aimama/aihub/repos/itp-curriculum-sources/rocq_core/test-suite/failure/inductive.v	kernel/kernel_signature_lf_indexed_v0.metta	DTT	DIndG parameter uniformity: a parameterized family may recurse only at its own parameters (List A on List A, not List B)	reject	none	yes	cetta kernel_signature_lf_indexed_v0.metta	checked	anchor bad-param-change-sig = False; matches Coq/Rocq uniform-parameter requirement for inductive families
IND-empty	Induction	/home/aimama/aihub/repos/itp-curriculum-sources/rocq_core/theories/Corelib/Init/Logic.v	kernel/kernel_signature_lf_indexed_v0.metta	DTT	empty inductive (no constructors) is admitted and its vacuous eliminator typechecks (the absurd/Empty recursor)	accept	none	no	cetta kernel_signature_lf_indexed_v0.metta	checked	anchor emp-sig-G admitted + dindg-elim-typechecks; matches Coq False/False_rect and Agda bottom with vacuous elimination
NIK-id	Metamath	/home/aimama/aihub/hyperon/metamath/metamath-test/set.mm	kernel/nik_metamath_stack_v0.metta	Metamath	NIK Metamath propositional stack proves the identity/self-implication theorem (ph -> ph) via ax-1/ax-2/ax-mp (floating hypotheses + Use)	accept	none	no	cetta nik_metamath_stack_v0.metta	checked	anchor id-stack-result proves (wi ph ph); matches set.mm theorem id ( |- ( ph -> ph ) )
CROSS-self-impl	Cross-profile	/home/aimama/aihub/hyperon/metamath/metamath-test/set.mm	kernel/curriculum_lf_demo.metta	Metamath x DTT	cross-profile agreement: self-implication A->A is accepted in BOTH the NIK-Metamath profile (wi ph ph) and the lambda-Pi profile (lambda x:o. x : o->o), verdicts agree	accept	none	no	cetta nik_metamath_stack_v0.metta	checked	one-kernel-many-profiles: NIK proves propositional (ph -> ph), lambda-Pi inhabits o->o by identity; agreement is via Curry-Howard (propositional implication ~ function type), NOT syntactic identity -- bounded v1 cross-profile shadow, not a universal equivalence theorem
HOL-core-self-impl	HOL	/home/aimama/aihub/repos/itp-curriculum-sources/hol_light/impconv.ml; /home/aimama/aihub/repos/itp-curriculum-sources/hol_light/Help/ASSUME.hlp; /home/aimama/aihub/repos/itp-curriculum-sources/hol_light/Help/DISCH.hlp	Notation/08_hol_core_concrete_syntax.metta	HOL	REGRESSION-ONLY hosted HOL-core implication theorem A ==> A through the pre-faithful natural-deduction concrete syntax	accept	none	free ASSUME and wrong consequent certificates reject	bash run_all.sh	checked	Regression/calibration row only: HOL-shaped DISCH h:A->A . ASSUME h lowers to the older LF impI path and checks as prf (imp A A). It is NOT the faithful HOL-Light equality-kernel covered path; 09_hol_light_eq_kernel is the replacement track.
HOL-core-mp	HOL	/home/aimama/aihub/repos/itp-curriculum-sources/hol_light/Help/MP.hlp; /home/aimama/aihub/repos/itp-curriculum-sources/hol_light/drule.ml; /home/aimama/aihub/repos/itp-curriculum-sources/hol_light/fusion.ml	Notation/08_hol_core_concrete_syntax.metta	HOL	REGRESSION-ONLY hosted HOL-core theorem (A ==> B) ==> A ==> B through the pre-faithful natural-deduction concrete syntax	accept	none	MP with mismatched antecedent rejects	bash run_all.sh	checked	Regression/calibration row only: DISCH/DISCH/MP lowers to old impI/impE and kernel-check proves the theorem. It is kept as a regression oracle until MP/DISCH replay through HOL-Light's equality kernel in 09, then primitive MP/DISCH can retire.
HOL-core-refl	HOL	/home/aimama/aihub/repos/itp-curriculum-sources/hol_light/Help/REFL.hlp; /home/aimama/aihub/repos/itp-curriculum-sources/hol_light/Help/REFL_TAC.hlp; /home/aimama/aihub/repos/itp-curriculum-sources/hol_light/trivia.ml	Notation/08_hol_core_concrete_syntax.metta	HOL	hosted HOL-core REFL certificate lowers to generated LF nat equality proof and checks by kernel-check	accept	none	wrong equality target rejects	bash run_all.sh	checked	HOL-style REFL concrete syntax (hrefl nat z) lowers to rfl z and checks against eqn z z; wrong target eqn z s rejects. Source anchors: HOL Light REFL/REFL_TAC and I_THM reflexivity examples.
HOL-core-bad-cert	HOL	/home/aimama/aihub/Mettapedia/MettaKernel/kernel/kernel_signature_lf_v0.metta	Notation/08_hol_core_concrete_syntax.metta	HOL	hosted HOL-core parser is not trusted: parsed/lowered bad proof certificates still pass through kernel-check and reject	reject	none	MP mismatched antecedent; DISCH target mismatch; free ASSUME/proof variable outside scope; wrong REFL target	bash run_all.sh	checked	Confirms the HOL concrete syntax is a LanguageDef frontend, not a parallel checker: malformed proof certificates may parse/lower but kernel-check returns Err check-failed.
NOTATION-026	Notation	Notation/mutation_check.sh	Notation/mutation_check.sh	OSLF	HOL-core rule-certificate mutation hardening: DISCH, MP, ASSUME scope, REFL, and checker boundary are load-bearing	reject	none	corrupt DISCH binder type; corrupt MP lowering; bypass free ASSUME rejection; corrupt REFL lowering; bypass kernel-check	bash run_all.sh	checked	Mutation gate corrupts 08_hol_core_concrete_syntax.metta and requires CeTTa to catch each regression; proves the HOL bridge is checked by the real kernel path and each LCF-style rule tooth bites.
BIND-bindingdecl-interface	Binding	/home/aimama/aihub/literature/Binding_Substitution/Harper_2012_Practical_Foundations_for_Programming_Languages_v1_32.pdf; /home/aimama/aihub/literature/Binding_Substitution/Sterling_Morrison_2016_Syntax_and_Semantics_of_Abstract_Binding_Trees.pdf	kernel/kernel_binding_decl_v1.metta; kernel/kernel_binding_abtg_replay_v1.metta; Notation/08_hol_core_concrete_syntax.metta	OSLF	shared BindingDecl interface for hosted LanguageDefs: Bind0/Bind1/BindFields/BindPi declare nullary, body-binding, multi-field, dependent-Pi, forall/exists/comprehension, and DISCH-style binders above the minimal binding waist	accept	none	duplicate field; Pi domain/codomain collapse; corrupted recursive shift/subst; missing field defaults to 0	bash kernel/run_binding_mutation_gate.sh	checked	BindingDecl now supports arbitrary nonnegative binding depth by recursion and fails closed on undeclared fields. G11-G16 mutate duplicate admission, Pi codomain binding, recursive cutoff/term-shift, and missing-field defaults; all are caught.
NOTATION-027	Notation	Notation/mutation_check.sh	Notation/mutation_check.sh	OSLF	HOL-core concrete syntax binding table routes through the shared BindingDecl interface, not a private Bind1 convention	reject	none	corrupt hol-binding-depth-in so DISCH/INTRO no longer see body binding	bash run_all.sh	checked	Notation mutation gate now corrupts the HOL BindingDecl lookup and requires 08_hol_core_concrete_syntax.metta to go red; proves the hosted HOL concrete syntax depends on the shared declaration trunk.
HOL-light-eq-spine	HOL	/home/aimama/aihub/repos/itp-curriculum-sources/hol_light/fusion.ml; /home/aimama/aihub/repos/itp-curriculum-sources/hol_light/Help/REFL.hlp; /home/aimama/aihub/repos/itp-curriculum-sources/hol_light/Help/TRANS.hlp; /home/aimama/aihub/repos/itp-curriculum-sources/hol_light/Help/MK_COMB_UPPERCASE.hlp; /home/aimama/aihub/repos/itp-curriculum-sources/hol_light/Help/ABS.hlp; /home/aimama/aihub/repos/itp-curriculum-sources/hol_light/Help/BETA.hlp; /home/aimama/aihub/repos/itp-curriculum-sources/hol_light/Help/ASSUME.hlp; /home/aimama/aihub/repos/itp-curriculum-sources/hol_light/Help/EQ_MP.hlp; /home/aimama/aihub/repos/itp-curriculum-sources/hol_light/Help/IMP_ANTISYM_RULE.hlp	Notation/09_hol_light_eq_kernel.metta	HOL	faithful HOL-Light equality-kernel primitive spine hosted as LF rule certificates: REFL TRANS MK_COMB ABS BETA ASSUME EQ_MP DEDUCT_ANTISYM, with bounded ABS instances needed by the bool spine	accept	hosted HOL-Light primitive rules	each primitive lowering has a mutation tooth	bash run_all.sh	checked	CeTTa checks the bounded bool/proposition spine by imported kernel-check: REFL, TRANS, MK_COMB, ABS, ABS_PRED2, BETA, ASSUME-as-LF-variable, EQ_MP, and DEDUCT_ANTISYM all inhabit their HOL-Light-shaped LF types.
HOL-light-eq-defs	HOL	/home/aimama/aihub/repos/itp-curriculum-sources/hol_light/bool.ml	Notation/09_hol_light_eq_kernel.metta	HOL	HOL-Light-style definitions for T, conjunction, and implication are represented as LF definitions over equality and lambda; A ==> B unfolds to (A /\\ B) <=> A	accept	none	swapping IMP_DEF antecedent/consequent is caught	bash run_all.sh	checked	Matches bool.ml: T_DEF = identity-function equality; AND_DEF = equality of selector functions; IMP_DEF = p /\\ q <=> p. The asymmetric A ==> B test prevents the A==A false green.
HOL-light-eq-mutation	Notation	Notation/mutation_check.sh	Notation/mutation_check.sh	OSLF	HOL-Light equality-kernel mutation hardening for REFL TRANS MK_COMB ABS ABS_PRED2 BETA ASSUME EQ_MP DEDUCT_ANTISYM IMP_DEF and checked derived-rule DThm shards	reject	none	corrupt any hosted primitive, implication-definition bridge use, derived EQT_INTRO, derived SYM/EQT_ELIM route, AND_DEF application, DISCH_AA_CORE DThm, SELF_IMP_A DThm, MP_AB DThm, AND_EXPANDED_AB_FROM_PROOFS DThm, CONJ_AB_FROM_PROOFS DThm, CONJUNCT1_AB DThm, DISCH_AB_UNDER_IMPAB DThm, or OLD_MP_REPLAY DThm	bash run_all.sh	checked	Mutation gate corrupts 09_hol_light_eq_kernel.metta and requires CeTTa to catch every primitive-rule regression, IMP_DEF bridge-use regression, derived EQT_INTRO corruption, derived SYM/EQT_ELIM corruption, AND_DEF/ABS_PRED2 application corruption, and active derived-rule DThm body corruptions for DISCH_AA_CORE, SELF_IMP_A, MP_AB, AND_EXPANDED_AB_FROM_PROOFS, CONJ_AB_FROM_PROOFS, CONJUNCT1_AB, DISCH_AB_UNDER_IMPAB, and OLD_MP_REPLAY.
HOL-light-derived-rule-shards	HOL	/home/aimama/aihub/repos/itp-curriculum-sources/hol_light/bool.ml; /home/aimama/aihub/repos/itp-curriculum-sources/hol_light/equal.ml; /home/aimama/aihub/repos/itp-curriculum-sources/hol_light/fusion.ml; /home/aimama/aihub/repos/itp-curriculum-sources/hol_light/Help/EQ_MP.hlp; /home/aimama/aihub/repos/itp-curriculum-sources/hol_light/Help/IMP_ANTISYM_RULE.hlp	Notation/09_hol_light_eq_kernel.metta	HOL	derived HOL-Light rule shards DISCH_AA_CORE, SELF_IMP_A, MP_AB, AND_EXPANDED_AB_FROM_PROOFS, CONJ_AB_FROM_PROOFS, CONJUNCT1_AB, DISCH_AB_UNDER_IMPAB, and OLD_MP_REPLAY are admitted as checked opaque LF theorem declarations once and used by name under scoped batch checking	accept	none	corrupt DISCH_AA_CORE, SELF_IMP_A, MP_AB, AND_EXPANDED_AB_FROM_PROOFS, CONJ_AB_FROM_PROOFS, CONJUNCT1_AB, DISCH_AB_UNDER_IMPAB, or OLD_MP_REPLAY DThm body	bash run_all.sh	checked	Checked, capped v1 of the derived-rule library: DISCH_AA_CORE, SELF_IMP_A, MP_AB, AND_EXPANDED_AB_FROM_PROOFS, CONJ_AB_FROM_PROOFS, CONJUNCT1_AB, DISCH_AB_UNDER_IMPAB, and OLD_MP_REPLAY are admitted as DThms in small extension signatures and then checked by Con name, opaque for reduction but transparent for axiom provenance. SELF_IMP_A is the faithful equality-kernel replay of A ==> A through DISCH_AA_CORE; OLD_MP_REPLAY is now covered through the same scoped batch route.
HOL-light-derived-mp-disch	HOL	/home/aimama/aihub/repos/itp-curriculum-sources/hol_light/bool.ml; /home/aimama/aihub/repos/itp-curriculum-sources/hol_light/drule.ml; /home/aimama/aihub/repos/itp-curriculum-sources/hol_light/fusion.ml	Notation/09_hol_light_eq_kernel.metta	HOL	derive OLD_MP_REPLAY from EQ_MP plus DEDUCT_ANTISYM through the faithful HOL-Light equality-kernel route; old 08 primitive MP/DISCH stays regression-only	accept	none	corrupt OLD_MP_REPLAY DThm body; primitive 08 MP/DISCH not used for the covered 09 theorem	bash run_all.sh	checked	OLD_MP_REPLAY is checked in 09_hol_light_eq_kernel.metta under scoped batch theorem admission with opaque HOL constants plus explicit T_DEF/AND_DEF/IMP_DEF theorem constants, matching HOL-Light's definition discipline and avoiding LF definitional unfolding. The old 08 primitive MP/DISCH concrete syntax remains a regression oracle, not the covered HOL theorem path.
SOUND-def-body-check	Soundness	kernel/break_probes.metta	kernel/kernel_signature_lf_v0.metta	DTT	definitions are checked against their declared type at admission (def body : declared type); a body whose type differs is rejected	reject	none	yes	cetta kernel_signature_lf_v0.metta	checked	break_probes BREAK-B (A:o declared at prf falseP) is a STRIPPED-checker hole; real kernel CLOSES it via wf-decl DDef check-conv; bad-def-sig -> sig-admitted False. Every ITP (Coq/Lean) checks def bodies
SOUND-malformed-type-sig	Soundness	kernel/break_probes.metta	kernel/kernel_signature_lf_indexed_v0.metta	DTT	a signature whose declared type is ill-typed (references a non-existent constant) is rejected at admission	reject	none	yes	cetta kernel_signature_lf_indexed_v0.metta	checked	real kernel CLOSES it: bad-kind-sig -> sig-admitted False; matches Coq/Lean rejecting ill-formed declarations
SOUND-type-wf-in-check	Soundness	kernel/break_probes.metta	kernel/kernel_signature_lf_indexed_v0.metta	DTT	check verifies the EXPECTED type is well-formed (type-ok) before conversion; ill-formed expected types are refused, not normalized away	reject	none	yes	cetta kernel_signature_lf_indexed_v0.metta	checked	real kernel CLOSES it: check = if type-ok then check-conv else False
SOUND-ledger-consistency	Soundness	kernel/break_probes.metta	kernel/kernel_signature_v0.metta	DTT	axiom-ledger joint consistency is NOT decidable by any checker; the kernel makes axiom-dependence VISIBLE via provenance (CheckedPrf footprint), so a proof from a bad axiom is axiom-flagged, not unconditionally proved	requires-explicit-axiom	tracked	yes	cetta kernel_signature_v0.metta	checked	break_probes BREAK-A; MITIGATED not closed -- no type-checker discharges consistency (Pollack trust-boundary); WM evidence cannot mint theorem
SOUND-metatheory-gap	Soundness	kernel/kernel_signature_lf_indexed_v0.metta	kernel/kernel_signature_lf_indexed_v0.metta	DTT	GENUINE remaining soundness gap: universal subject-reduction / confluence / termination theorem is NOT machine-proven; admission-level SR is now gated, but admission => universal SR remains open	accept	unproven	yes	bash kernel/run_kernel_parity.sh; bash kernel/run_sr_admission_gate.sh	planned	the real open soundness obligation is now smaller: prove the fail-closed admission predicates imply universal SR/confluence/termination (Lean v5, blocked on 4.31); NOT a per-input checker hole
BIND-lean-debruijn-mini	Lean	/home/aimama/aihub/Mettapedia/MettaKernel/Curriculum/BINDER_AND_FREEK100_SOURCES.md; /home/aimama/aihub/repos/itp-curriculum-sources/lean_theorem_proving_in_lean4/book/TPiL/DependentTypeTheory.lean	Lean/16_binders_debruijn.lean; Lean/neg_binder_capture_claim.lean	DTT	checked Lean de Bruijn mini-lane: shift under binders, substitution target hit, substitution under lambda shifts the substituted free variable	accept	none	bad capture-shaped claim says shift under lambda leaves a free variable fixed	bash run_all.sh	checked	Lean positive file proves five tiny de Bruijn shift/substitution facts without sorry; negative file is expected to fail by rfl because shift 1 (lam (var 1)) is lam (var 2), not lam (var 1).
BIND-plfa-debruijn-lookup	Agda	/home/aimama/aihub/repos/itp-curriculum-sources/agda_plfa/src/plfa/part2/DeBruijn.lagda.md	kernel/kernel_binding_abtg_replay_v1.metta	DTT	PLFA de Bruijn lookup and context-index discipline as source-backed binder calibration	accept	none	wrong variable lookup / out-of-scope variable rejects as Bad plfa-out-of-scope	bash kernel/run_binding_mutation_gate.sh	checked	CeTTa-gated PLFA-style lookup replay: index 0 in a nonempty context succeeds and an out-of-scope index rejects. This is a concrete kernel replay calibrated to PLFA, not an Agda gate.
BIND-plfa-subst-under-binder	Agda	/home/aimama/aihub/repos/itp-curriculum-sources/agda_plfa/src/plfa/part2/Substitution.lagda.md; /home/aimama/aihub/repos/itp-curriculum-sources/agda_plfa/src/plfa/part2/Lambda.lagda.md	kernel/kernel_binding_decl_v1.metta; kernel/kernel_binding_abtg_replay_v1.metta	DTT	PLFA substitution under lambda shifts the substituted term to avoid capture	accept	none	forgetting the under-binder shift captures a free variable	bash kernel/run_binding_mutation_gate.sh	checked	CeTTa-gated recursive BindingDecl replays check substitution under depth 3/4, including Var 0 shifted to Var 3 under three binders. G14 mutates away the recursive substituted-term shift and is caught.
BIND-plfa-subst-id	Agda	/home/aimama/aihub/repos/itp-curriculum-sources/agda_plfa/src/plfa/part2/Substitution.lagda.md; /home/aimama/aihub/repos/itp-curriculum-sources/agda_plfa/src/plfa/part2/Properties.lagda.md	kernel/kernel_binding_abtg_replay_v1.metta	DTT	PLFA substitution identity law: identity substitution preserves terms	accept	none	identity substitution changes a free or bound variable	bash kernel/run_binding_mutation_gate.sh	checked	CeTTa-gated concrete sigma-law replay: substituting Var 0 under depth 3 preserves the nested boundary term App (Var 3) (Var 2). This is a bounded replay, not a universal PLFA theorem.
BIND-plfa-subst-fusion	Agda	/home/aimama/aihub/repos/itp-curriculum-sources/agda_plfa/src/plfa/part2/Substitution.lagda.md; /home/aimama/aihub/repos/itp-curriculum-sources/agda_plfa/src/plfa/part2/Properties.lagda.md; /home/aimama/aihub/literature/Binding_Substitution/Allais_etal_2021_Universe_of_Syntaxes_with_Binding_arXiv_2001.11001.pdf	kernel/kernel_binding_abtg_replay_v1.metta	DTT	PLFA substitution fusion/commutation law, cross-checked against generic-syntax arbitrary-depth binding design	accept	none	substitution composition with wrong lifting under a nested binder	bash kernel/run_binding_mutation_gate.sh	checked	CeTTa-gated concrete fusion/commutation witnesses over recursive depth 3: nested identity-then-constant substitution agrees with direct substitution, and shift/subst commute on a bound variable. G13/G14 catch wrong recursive lifting.
DED-LP-nat-plus-rewrite	DeduktiLambdapi	/home/aimama/aihub/repos/dedukti/TUTORIAL.md; /home/aimama/aihub/repos/dedukti/examples/plus.dk	DeduktiLambdapi/01_dedukti_guest_micro.metta	DTT	Dedukti tutorial Nat plus rewrite rules hosted as MIK guest data with explicit rewrite-obligation footprint, then lowered to the lambda-Pi kernel by checking equality after guest normalization	accept	rewrite obligations: rew-plus-Z-S, rew-plus-n-Z, rew-plus-S-S	wrong plus rewrite rule changes normal form; untracked rewrite obligation rejects	bash run_all.sh	checked	CeTTa-gated micro-coverage of plus.dk's three tutorial rewrite rules: plus Z (S m), plus n Z, and plus (S n) (S m). v1 carries confluence/termination as an explicit obligation footprint; it does not claim full Dedukti rewriting or universal confluence.
DED-LP-proof-inhabitation	DeduktiLambdapi	/home/aimama/aihub/repos/dedukti/TUTORIAL.md; /home/aimama/aihub/repos/dedukti/examples/FO.dk; /home/aimama/aihub/repos/dedukti/examples/FO_theorems.dk	DeduktiLambdapi/01_dedukti_guest_micro.metta	DTT	Dedukti FO.dk proof-as-inhabitation micro-host: tt : prf true parses as guest data, lowers to the MIK lambda-Pi kernel, and checks; tt : prf false rejects	accept	none	inhabit false with tt; parser-success bypassing kernel-check	bash run_all.sh	checked	Covers the tiny FO.dk source line tt: prf true as an inhabited proof object in MIK. FO_theorems.dk remains context only in v1; no larger classical theorem is claimed covered.
DED-CIC-stage1-sorts-pi	DeduktiLambdapi	/home/aimama/aihub/repos/dedukti/libraries/theories/cic.dk	DeduktiLambdapi/02_cic_guest_sorts_pi_micro.metta	DTT	Dedukti cic.dk Stage-1 guest micro-host: Prop, Type_0, and Type_1 identity proofs carry an explicit cic.dk rewrite-obligation footprint, lower into the MIK lambda-Pi kernel, and re-check there	accept	rewrite obligations: rew-m-i-z, rew-m-z-j, rew-m-s-s, rew-term-univ, rew-term-prod, rew-succ-prop, rew-succ-type, rew-rule-s1-prop, rew-rule-prop-s2, rew-rule-type-type	wrong identity body, wrong sort-level rewrite, or missing rewrite obligation must reject; parser/lowering success is not proof success	bash run_all.sh	checked	Covers a real cic.dk-shaped fragment, not a blueprint copy: Prop, Type_0, and Type_1 products are hosted as guest data, normalized through a small explicit rewrite footprint, and checked by the real kernel_signature_lf_v0 kernel. Universes + cumulativity remain future work.
DED-CIC-stage2-indg-recursors	DeduktiLambdapi	/home/aimama/aihub/repos/dedukti/libraries/theories/cic.dk	DeduktiLambdapi/03_cic_guest_indg_micro.metta	DTT	Dedukti cic.dk Stage-2 guest micro-host: explicit external Nat/Id/plus witnesses lower structurally from the covered DK fragment onto the admitted DIndG engine and are re-checked by the real kernel	accept	none	wrong Nat/Id witness body, malformed covered-fragment lowering, or off-by-one plus theorem claim must reject in kernel-check	bash run_all.sh	checked	Covers a real DIndG-backed CIC fragment rather than a hand-rolled inductive mechanism: Nat induction, Id/J, generated successor congruence, and the theorem forall n. plus n z = n are hosted as external witness data and re-checked in-kernel. The current lowering is syntax-directed for the covered Stage-2 fragment, not yet a full cic.dk/Lean-core importer; universes and cumulativity remain future work.
DED-CIC-stage3-universes-cumulativity	DeduktiLambdapi	/home/aimama/aihub/repos/dedukti/libraries/theories/cic.dk	DeduktiLambdapi/04_cic_guest_universes_micro.metta	DTT	Dedukti cic.dk Stage-3 guest micro-host: explicit external Prop->Type_0 and Type_0->Type_1 cumulativity witnesses lower through a covered max/lift fragment and are re-checked by the real kernel	accept	rewrite obligations: rew-term-lift, rew-lift-id, rew-max-s1-prop, rew-max-prop-s2, rew-max-type-type plus Stage-1 obligations	wrong max/lift normalization, wrong cumulativity body, or missing rewrite obligation must reject; parser/lowering success is not proof success	bash run_all.sh	checked	Covers a minimal but real universes/cumulativity foothold rather than a blueprint copy: max/ lift normalization is explicitly tracked, direct max and lift reductions are exercised, and external guest proof terms witness Prop->Type_0 and Type_0->Type_1 cumulativity before the real kernel re-checks the normalized terms. This is still a covered fragment, not the full cic.dk universe canonicity story.
DED-LP-lambda-binder	DeduktiLambdapi	/home/aimama/aihub/repos/dedukti/TUTORIAL.md; /home/aimama/aihub/repos/dedukti/examples/lambda.dk; /home/aimama/aihub/repos/dedukti/examples/pureLambdaCalculus.dk	(planned)	DTT	Dedukti lambda/binder examples as source-backed lambda-Pi binder calibration	accept	none	beta/renaming mistake under lambda	(planned: no dk gate wired)	planned	Planned row for binder practice in a lambda-Pi-modulo ecosystem, complementary to PLFA and Lean.
DED-LP-append-indexed	DeduktiLambdapi	/home/aimama/aihub/repos/dedukti/examples/append.dk	(planned)	DTT	Dedukti append over length-indexed lists as indexed-family and rewrite-rule calibration	accept	rewrite rules	wrong append rule produces mismatched length index	(planned: no dk gate wired)	planned	Planned row connecting Dedukti tutorial-style rewriting with our generated indexed-induction and vector/list-family checks.
DED-LP-guest-mutation	DeduktiLambdapi	/home/aimama/aihub/Mettapedia/MettaKernel/Curriculum/DeduktiLambdapi/run_dedukti_guest_mutation_gate.sh	DeduktiLambdapi/run_dedukti_guest_mutation_gate.sh	DTT	Dedukti-as-guest mutation hardening for the hosted micro-fragment: plus rewrite correctness, lambda BindingDecl lowering, proof-as-inhabitation checking, parser/trust boundary, Stage-3 max/lift cumulativity normalization, and rewrite-obligation tracking	reject	none	corrupt plus rewrite; corrupt lambda binder declaration; accept tt at prf false; bypass kernel-check after parse; corrupt Stage-3 max/lift normalization; accept rewrite without obligation footprint	bash run_all.sh	checked	Mutation gate corrupts both 01_dedukti_guest_micro.metta and 04_cic_guest_universes_micro.metta and requires CeTTa to catch every regression, including Stage-3 max/lift and untracked-cumulativity-obligation faults. This is guest coverage, not a copy or adoption of Dedukti's checker architecture.
FREEK-074-induction	Freek100	/home/aimama/aihub/GPT-Pro_Responses/MeTTaKernel/pro_nik_freek_100_for_curriculum_226-26_1.md	(planned)	DTT	Freek-100 #74 Principle of Mathematical Induction: generated Nat induction, motive checking, eliminator type, and iota soundness	accept	none	wrong induction motive or missing successor case	(planned)	planned	Seed Freek-100 row; intended source systems include Lean, Rocq/Coq, HOL Light, Metamath, Mizar, ACL2, Megalodon, and others per the Freek list.
FREEK-001-sqrt2	Freek100	/home/aimama/aihub/GPT-Pro_Responses/MeTTaKernel/pro_nik_freek_100_for_curriculum_226-26_1.md	(planned)	DTT|HOL|NIK	Freek-100 #1 irrationality of sqrt(2): arithmetic contradiction, parity/divisibility, and cross-profile statement normalization	accept	none	hidden classical/choice axiom or invalid parity rewrite	(planned)	planned	Seed Freek-100 row for a small cross-profile theorem target; starts as curriculum statement normalization, not an immediate in-kernel proof.
FREEK-069-gcd	Freek100	/home/aimama/aihub/GPT-Pro_Responses/MeTTaKernel/pro_nik_freek_100_for_curriculum_226-26_1.md	(planned)	PV|DTT	Freek-100 #69 Greatest Common Divisor Algorithm: recursion, termination measure, divisibility spec, and executable/proof bridge	accept	termination/divisibility spec	wrong recursive measure or wrong divisibility direction	(planned)	planned	Seed Freek-100 row linking program verification and number theory; later proof should distinguish computation from theorem-level specification.
FREEK-052-subsets	Freek100	/home/aimama/aihub/GPT-Pro_Responses/MeTTaKernel/pro_nik_freek_100_for_curriculum_226-26_1.md	(planned)	HOTG|HOL	Freek-100 #52 number of subsets of a finite set: finite sets, powerset, cardinality, and induction over finite sets	accept	HOTG set axioms / finite-cardinality profile	wrong powerset cardinal direction	(planned)	planned	Seed Freek-100 row for HOTG/Megalodon and HOL finite-set profile pressure.
FREEK-063-cantor	Freek100	/home/aimama/aihub/GPT-Pro_Responses/MeTTaKernel/pro_nik_freek_100_for_curriculum_226-26_1.md	(planned)	HOTG|HOL	Freek-100 #63 Cantor theorem: powerset diagonalization, functions, extensionality, and universe/profile discipline	accept	set extensionality / powerset profile	invalid surjection proof or reversed cardinal comparison	(planned)	planned	Seed Freek-100 row for diagonalization and set-theoretic profile boundaries; Megalodon/HOTG is a likely later target.
HOL-light-concrete-syntax-spine	HOL	/home/aimama/aihub/repos/itp-curriculum-sources/hol_light/fusion.ml; /home/aimama/aihub/repos/itp-curriculum-sources/hol_light/bool.ml; /home/aimama/aihub/repos/itp-curriculum-sources/hol_light/Help/REFL.hlp; /home/aimama/aihub/repos/itp-curriculum-sources/hol_light/Help/TRANS.hlp; /home/aimama/aihub/repos/itp-curriculum-sources/hol_light/Help/EQ_MP.hlp; /home/aimama/aihub/repos/itp-curriculum-sources/hol_light/Help/IMP_ANTISYM_RULE.hlp	Notation/10_hol_light_concrete_syntax.metta	HOL	readable HOL concrete syntax parses to abstract theorem tags and lowers to the checked 09 equality-kernel certificate shards: A ==> A, (A ==> B) ==> A ==> B, A /\\ B |- A, T, REFL, TRANS, and SYM	accept	hosted HOL-Light equality-kernel primitive/definition shards	bad proof tag parses but is rejected as certificate-statement-mismatch; unknown syntax rejects	bash run_all.sh	checked	Adequacy-demonstrating v1, not a universal adequacy metatheorem: each concrete theorem maps to a named 09 checked shard. The discharged A /\\ B ==> A theorem remains a future derived-rule shard; v1 uses the existing faithful contextual HOL theorem A /\\ B |- A.
HOL-light-concrete-syntax-binding	HOL	/home/aimama/aihub/literature/Binding_Substitution/Harper_2012_Practical_Foundations_for_Programming_Languages_v1_32.pdf; /home/aimama/aihub/literature/Binding_Substitution/Sterling_Morrison_2016_Syntax_and_Semantics_of_Abstract_Binding_Trees.pdf; /home/aimama/aihub/repos/itp-curriculum-sources/hol_light/Help/ABS.hlp	Notation/10_hol_light_concrete_syntax.metta	HOL	HOL lambda concrete syntax declares its body field through the shared recursive BindingDecl trunk and lowers the identity lambda to the 09 LF lambda term	accept	none	corrupt lambda binder declaration to Bind0; forgotten declaration fails closed	bash run_all.sh	checked	Exercises the recursive ABT/BindingDecl trunk in a hosted HOL syntax layer: body has depth 1, free variables shift under the lambda body, and Bind0 fails as bad-lambda-binding-decl.
HOL-light-concrete-syntax-mutation	Notation	Notation/mutation_check.sh	Notation/mutation_check.sh	HOL	HOL-Light concrete syntax mutation hardening: implication lowering, lambda BindingDecl scope, and parser/trust-boundary mismatch are load-bearing	reject	none	corrupt HImp lowering to conjunction; corrupt lambda binder declaration; map a bad REFL-for-imp concrete theorem to the self-imp certificate	bash run_all.sh	checked	Mutation gate corrupts 10_hol_light_concrete_syntax.metta and requires CeTTa to catch each regression; parser success is not proof success, and the concrete syntax remains outside the trusted boundary.
HOL-side-by-side-showcase	HOL	/home/aimama/aihub/Mettapedia/MettaKernel/Curriculum/HOL/HOL06_lcf_kernelScript.sml; /home/aimama/aihub/repos/itp-curriculum-sources/hol_light/fusion.ml; /home/aimama/aihub/repos/itp-curriculum-sources/hol_light/bool.ml	Notation/11_hol_side_by_side_showcase.metta	HOL	executable side-by-side HOL4/MIK showcase: readable forms (|- (= p p)) by REFL, (|- (==> p p)) by DISCH/ASSUME, beta, T, and A /\\ B |- A lower to checked 09 equality-kernel certificate shards	accept	hosted HOL-Light equality-kernel primitive/definition shards	bad proof tag parses but is rejected as certificate-statement-mismatch; unknown syntax rejects	bash run_all.sh	checked	Human-readable adequacy-demonstrating row: the file quotes the matching HOL4 primitive-rule examples and checks MIK/HOL bounded bool/proposition analogues through 09_hol_light_eq_kernel.metta, not through the old 08 natural-deduction path.
HOL-side-by-side-showcase-mutation	Notation	Notation/mutation_check.sh	Notation/mutation_check.sh	HOL	HOL side-by-side showcase mutation hardening: implication lowering, REFL certificate mapping, lambda BindingDecl scope, and parser/trust-boundary mismatch are load-bearing	reject	none	corrupt ==> lowering; corrupt REFL mapping; corrupt lambda binder declaration; map a bad REFL-for-imp parsed theorem to the DISCH/ASSUME certificate	bash run_all.sh	checked	Mutation gate corrupts 11_hol_side_by_side_showcase.metta and requires CeTTa to catch each regression; readable HOL-shaped syntax remains outside the trusted boundary and only named 09 certificate shards count as checked.
