feature_symbol,tier,in_core_spec,in_runtime_code,core_source_kinds,runtime_groups,runtime_first_evidence,runtime_test_presence,lean_status,lean_evidence,lean_decl_anchor,coverage_status
%,extension,no,yes,,stdlib_doc,/home/zar/claude/hyperon/hyperon-experimental/lib/src/metta/runner/stdlib/stdlib.metta:1341,no,present,"/home/zar/claude/Mettapedia/lean/mettapedia/Mettapedia/Languages/MeTTa/Core/MinimalOps.lean:74:  | .symbol ""%"" => GroundedType.execute (α := Int) ""%"" args",/home/zar/claude/Mettapedia/lean/mettapedia/Mettapedia/Languages/MeTTa/Core/MinimalOps.lean:68:def executeGroundedOp,extension_mapped_in_lean
%Undefined%,core,yes,yes,elementary_type,engine_const,/home/zar/claude/hyperon/hyperon-experimental/lib/src/metta/mod.rs:13,no,present,/home/zar/claude/Mettapedia/lean/mettapedia/Mettapedia/Languages/MeTTa/HE/HELanguageDef.lean:88:def mettaHE,/home/zar/claude/Mettapedia/lean/mettapedia/Mettapedia/Languages/MeTTa/HE/HELanguageDef.lean:88:def mettaHE,core_implemented
*,extension,no,yes,,stdlib_doc,/home/zar/claude/hyperon/hyperon-experimental/lib/src/metta/runner/stdlib/stdlib.metta:1327,no,present,"/home/zar/claude/Mettapedia/lean/mettapedia/Mettapedia/Languages/MeTTa/Core/Properties.lean:267:example : executeGroundedOp (.symbol ""*"")",/home/zar/claude/Mettapedia/lean/mettapedia/Mettapedia/Languages/MeTTa/Core/Properties.lean:251:theorem bisimilar_trans,extension_mapped_in_lean
+,extension,no,yes,,stdlib_doc,/home/zar/claude/hyperon/hyperon-experimental/lib/src/metta/runner/stdlib/stdlib.metta:1313,yes,present,"/home/zar/claude/Mettapedia/lean/mettapedia/Mettapedia/Languages/Prolog/FixtureCorpus.lean:2206:      (.findall ""T"" (.unify (.fvar ""T"") (.apply ""+"" [one, two])))",/home/zar/claude/Mettapedia/lean/mettapedia/Mettapedia/Languages/Prolog/FixtureCorpus.lean:2204:theorem iso_findall_3_02,extension_mapped_in_lean
-,extension,no,yes,,stdlib_doc,/home/zar/claude/hyperon/hyperon-experimental/lib/src/metta/runner/stdlib/stdlib.metta:1320,no,present,"/home/zar/claude/Mettapedia/lean/mettapedia/Mettapedia/Languages/MeTTa/Core/Atom.lean:281:    | ""-"", [.grounded (.int a), .grounded (.int b)] => some (.grounded (.int (a - b)))",/home/zar/claude/Mettapedia/lean/mettapedia/Mettapedia/Languages/MeTTa/Core/Atom.lean:260:class GroundedType,extension_mapped_in_lean
->,core,yes,yes,special_operator,engine_const,/home/zar/claude/hyperon/hyperon-experimental/lib/src/metta/mod.rs:24,no,present,/home/zar/claude/Mettapedia/lean/mettapedia/Mettapedia/Languages/MeTTa/Core/Types.lean:73:def functionType,/home/zar/claude/Mettapedia/lean/mettapedia/Mettapedia/Languages/MeTTa/Core/Types.lean:73:def functionType,core_implemented
/,extension,no,yes,,stdlib_doc,/home/zar/claude/hyperon/hyperon-experimental/lib/src/metta/runner/stdlib/stdlib.metta:1334,no,present,"/home/zar/claude/Mettapedia/lean/mettapedia/Mettapedia/Languages/MeTTa/HE/HELanguageDef.lean:307:      syntaxPattern := [.terminal ""/""] },",/home/zar/claude/Mettapedia/lean/mettapedia/Mettapedia/Languages/MeTTa/HE/HELanguageDef.lean:88:def mettaHE,extension_mapped_in_lean
:,core,yes,yes,special_operator,engine_const,/home/zar/claude/hyperon/hyperon-experimental/lib/src/metta/mod.rs:21,yes,present,/home/zar/claude/Mettapedia/lean/mettapedia/Mettapedia/Languages/MeTTa/Core/Types.lean:69:def typeAnnotation,/home/zar/claude/Mettapedia/lean/mettapedia/Mettapedia/Languages/MeTTa/Core/Types.lean:69:def typeAnnotation,core_implemented
:<,extension,no,yes,,engine_const,/home/zar/claude/hyperon/hyperon-experimental/lib/src/metta/mod.rs:22,no,absent,,,extension_runtime_only
<,extension,no,yes,,stdlib_doc,/home/zar/claude/hyperon/hyperon-experimental/lib/src/metta/runner/stdlib/stdlib.metta:1348,no,present,"/home/zar/claude/Mettapedia/lean/mettapedia/Mettapedia/Languages/MeTTa/Core/Atom.lean:287:    | ""<"", [.grounded (.int a), .grounded (.int b)] => some (.grounded (.bool (a < b)))",/home/zar/claude/Mettapedia/lean/mettapedia/Mettapedia/Languages/MeTTa/Core/Atom.lean:260:class GroundedType,extension_mapped_in_lean
<=,extension,no,yes,,stdlib_doc,/home/zar/claude/hyperon/hyperon-experimental/lib/src/metta/runner/stdlib/stdlib.metta:1362,no,present,"/home/zar/claude/Mettapedia/lean/mettapedia/Mettapedia/Languages/MeTTa/Core/Atom.lean:288:    | ""<="", [.grounded (.int a), .grounded (.int b)] => some (.grounded (.bool (a ≤ b)))",/home/zar/claude/Mettapedia/lean/mettapedia/Mettapedia/Languages/MeTTa/Core/Atom.lean:260:class GroundedType,extension_mapped_in_lean
=,core,yes,yes,special_operator,engine_const;stdlib_decl;stdlib_doc,/home/zar/claude/hyperon/hyperon-experimental/lib/src/metta/mod.rs:23,yes,present,/home/zar/claude/Mettapedia/lean/mettapedia/Mettapedia/Languages/MeTTa/HE/Conformance.lean:238:theorem mettaCall_equation_match,/home/zar/claude/Mettapedia/lean/mettapedia/Mettapedia/Languages/MeTTa/HE/Conformance.lean:238:theorem mettaCall_equation_match,core_implemented
==,extension,no,yes,,stdlib_doc,/home/zar/claude/hyperon/hyperon-experimental/lib/src/metta/runner/stdlib/stdlib.metta:1376,yes,present,"/home/zar/claude/Mettapedia/lean/mettapedia/Mettapedia/Languages/MeTTa/HE/HELanguageDef.lean:315:      syntaxPattern := [.terminal ""==""] },",/home/zar/claude/Mettapedia/lean/mettapedia/Mettapedia/Languages/MeTTa/HE/HELanguageDef.lean:88:def mettaHE,extension_mapped_in_lean
=alpha,extension,no,yes,,stdlib_doc,/home/zar/claude/hyperon/hyperon-experimental/lib/src/metta/runner/stdlib/stdlib.metta:1081,no,absent,,,extension_runtime_only
>,extension,no,yes,,stdlib_doc,/home/zar/claude/hyperon/hyperon-experimental/lib/src/metta/runner/stdlib/stdlib.metta:1355,no,present,"/home/zar/claude/Mettapedia/lean/mettapedia/Mettapedia/Languages/MeTTa/Core/FullLanguageDef.lean:43:                        .terminal "">""] },",/home/zar/claude/Mettapedia/lean/mettapedia/Mettapedia/Languages/MeTTa/Core/FullLanguageDef.lean:33:def mettaFullLegacy,extension_mapped_in_lean
>=,extension,no,yes,,stdlib_doc,/home/zar/claude/hyperon/hyperon-experimental/lib/src/metta/runner/stdlib/stdlib.metta:1369,no,present,"/home/zar/claude/Mettapedia/lean/mettapedia/Mettapedia/Languages/MeTTa/Core/Atom.lean:290:    | "">="", [.grounded (.int a), .grounded (.int b)] => some (.grounded (.bool (a ≥ b)))",/home/zar/claude/Mettapedia/lean/mettapedia/Mettapedia/Languages/MeTTa/Core/Atom.lean:260:class GroundedType,extension_mapped_in_lean
@desc,extension,no,yes,,stdlib_decl;stdlib_doc,/home/zar/claude/hyperon/hyperon-experimental/lib/src/metta/runner/stdlib/stdlib.metta:720,no,absent,,,extension_runtime_only
@doc,extension,no,yes,,stdlib_decl;stdlib_doc,/home/zar/claude/hyperon/hyperon-experimental/lib/src/metta/runner/stdlib/stdlib.metta:709,no,absent,,,extension_runtime_only
@doc-formal,extension,no,yes,,stdlib_decl;stdlib_doc,/home/zar/claude/hyperon/hyperon-experimental/lib/src/metta/runner/stdlib/stdlib.metta:743,no,absent,,,extension_runtime_only
@item,extension,no,yes,,stdlib_decl;stdlib_doc,/home/zar/claude/hyperon/hyperon-experimental/lib/src/metta/runner/stdlib/stdlib.metta:757,no,absent,,,extension_runtime_only
@kind,extension,no,yes,,stdlib_decl;stdlib_doc,/home/zar/claude/hyperon/hyperon-experimental/lib/src/metta/runner/stdlib/stdlib.metta:767,no,absent,,,extension_runtime_only
@param,extension,no,yes,,stdlib_decl;stdlib_doc,/home/zar/claude/hyperon/hyperon-experimental/lib/src/metta/runner/stdlib/stdlib.metta:727,no,absent,,,extension_runtime_only
@params,extension,no,yes,,stdlib_decl;stdlib_doc,/home/zar/claude/hyperon/hyperon-experimental/lib/src/metta/runner/stdlib/stdlib.metta:782,no,absent,,,extension_runtime_only
@return,extension,no,yes,,stdlib_decl;stdlib_doc,/home/zar/claude/hyperon/hyperon-experimental/lib/src/metta/runner/stdlib/stdlib.metta:735,no,absent,,,extension_runtime_only
@type,extension,no,yes,,stdlib_decl;stdlib_doc,/home/zar/claude/hyperon/hyperon-experimental/lib/src/metta/runner/stdlib/stdlib.metta:775,no,absent,,,extension_runtime_only
ATOM,core,yes,no,grammar_nonterminal,,,no,present,/home/zar/claude/Mettapedia/lean/batteries/mettail-core/MeTTailCore/MeTTaSyntax/Spec.lean:54:structure SyntaxSpec,/home/zar/claude/Mettapedia/lean/batteries/mettail-core/MeTTailCore/MeTTaSyntax/Spec.lean:54:structure SyntaxSpec,core_implemented
Atom,core,yes,yes,elementary_type,engine_const,/home/zar/claude/hyperon/hyperon-experimental/lib/src/metta/mod.rs:15,no,present,/home/zar/claude/Mettapedia/lean/mettapedia/Mettapedia/Languages/MeTTa/HE/HEPremises.lean:406:def mettaHEPremises,/home/zar/claude/Mettapedia/lean/mettapedia/Mettapedia/Languages/MeTTa/HE/HEPremises.lean:406:def mettaHEPremises,core_implemented
BadArgType,extension,no,yes,,engine_const;stdlib_decl;stdlib_doc,/home/zar/claude/hyperon/hyperon-experimental/lib/src/metta/mod.rs:27,no,present,"/home/zar/claude/Mettapedia/lean/mettapedia/Mettapedia/Languages/MeTTa/HE/Types.lean:45:    .expression [.symbol ""BadArgType"", .grounded (.int pos), expected, actual]",/home/zar/claude/Mettapedia/lean/mettapedia/Mettapedia/Languages/MeTTa/HE/Types.lean:40:def ErrorCode.toAtom,extension_mapped_in_lean
BadType,extension,no,yes,,engine_const;stdlib_decl;stdlib_doc,/home/zar/claude/hyperon/hyperon-experimental/lib/src/metta/mod.rs:26,no,present,"/home/zar/claude/Mettapedia/lean/mettapedia/Mettapedia/Languages/MeTTa/HE/Types.lean:47:    .expression [.symbol ""BadType"", expected, actual]",/home/zar/claude/Mettapedia/lean/mettapedia/Mettapedia/Languages/MeTTa/HE/Types.lean:40:def ErrorCode.toAtom,extension_mapped_in_lean
CHAR,core,yes,no,grammar_nonterminal,,,no,present,/home/zar/claude/Mettapedia/lean/batteries/mettail-core/MeTTailCore/MeTTaSyntax/Spec.lean:54:structure SyntaxSpec,/home/zar/claude/Mettapedia/lean/batteries/mettail-core/MeTTailCore/MeTTaSyntax/Spec.lean:54:structure SyntaxSpec,core_implemented
COMMENT,core,yes,no,grammar_nonterminal,,,no,present,/home/zar/claude/Mettapedia/lean/batteries/mettail-core/MeTTailCore/MeTTaSyntax/Spec.lean:54:structure SyntaxSpec,/home/zar/claude/Mettapedia/lean/batteries/mettail-core/MeTTailCore/MeTTaSyntax/Spec.lean:54:structure SyntaxSpec,core_implemented
DELIM,core,yes,no,grammar_nonterminal,,,no,present,/home/zar/claude/Mettapedia/lean/batteries/mettail-core/MeTTailCore/MeTTaSyntax/Spec.lean:54:structure SyntaxSpec,/home/zar/claude/Mettapedia/lean/batteries/mettail-core/MeTTailCore/MeTTaSyntax/Spec.lean:54:structure SyntaxSpec,core_implemented
EOL,core,yes,no,grammar_nonterminal,,,no,present,/home/zar/claude/Mettapedia/lean/batteries/mettail-core/MeTTailCore/MeTTaSyntax/Spec.lean:54:structure SyntaxSpec,/home/zar/claude/Mettapedia/lean/batteries/mettail-core/MeTTailCore/MeTTaSyntax/Spec.lean:54:structure SyntaxSpec,core_implemented
EXPRESSION,core,yes,no,grammar_nonterminal,,,no,present,/home/zar/claude/Mettapedia/lean/batteries/mettail-core/MeTTailCore/MeTTaSyntax/Spec.lean:54:structure SyntaxSpec,/home/zar/claude/Mettapedia/lean/batteries/mettail-core/MeTTailCore/MeTTaSyntax/Spec.lean:54:structure SyntaxSpec,core_implemented
Empty,extension,no,yes,,engine_const,/home/zar/claude/hyperon/hyperon-experimental/lib/src/metta/mod.rs:33,yes,present,"/home/zar/claude/Mettapedia/lean/mettapedia/Mettapedia/Languages/MeTTa/HE/TransitionSpec.lean:89:  else if ruleName.contains ""Empty"" || ruleName.contains ""Nil"" then ""empty_or_nil""",/home/zar/claude/Mettapedia/lean/mettapedia/Mettapedia/Languages/MeTTa/HE/TransitionSpec.lean:87:def guardFamilyFor,extension_mapped_in_lean
Error,extension,no,yes,,engine_const;stdlib_decl;stdlib_doc,/home/zar/claude/hyperon/hyperon-experimental/lib/src/metta/mod.rs:25,yes,present,"/home/zar/claude/Mettapedia/lean/mettapedia/Mettapedia/Languages/MeTTa/HE/TransitionSpec.lean:88:  if ruleName.contains ""Error"" then ""error""",/home/zar/claude/Mettapedia/lean/mettapedia/Mettapedia/Languages/MeTTa/HE/TransitionSpec.lean:87:def guardFamilyFor,extension_mapped_in_lean
ErrorType,extension,no,yes,,stdlib_decl;stdlib_doc,/home/zar/claude/hyperon/hyperon-experimental/lib/src/metta/runner/stdlib/stdlib.metta:9,no,absent,,,extension_runtime_only
Expression,core,yes,yes,elementary_type,engine_const,/home/zar/claude/hyperon/hyperon-experimental/lib/src/metta/mod.rs:18,no,present,/home/zar/claude/Mettapedia/lean/mettapedia/Mettapedia/Languages/MeTTa/Core/Atom.lean:188:def expressionType,/home/zar/claude/Mettapedia/lean/mettapedia/Mettapedia/Languages/MeTTa/Core/Atom.lean:188:def expressionType,core_implemented
GROUNDED,core,yes,no,grammar_nonterminal,,,no,present,/home/zar/claude/Mettapedia/lean/batteries/mettail-core/MeTTailCore/MeTTaSyntax/Spec.lean:54:structure SyntaxSpec,/home/zar/claude/Mettapedia/lean/batteries/mettail-core/MeTTailCore/MeTTaSyntax/Spec.lean:54:structure SyntaxSpec,core_implemented
Grounded,core,yes,yes,elementary_type,engine_const,/home/zar/claude/hyperon/hyperon-experimental/lib/src/metta/mod.rs:19,no,present,/home/zar/claude/Mettapedia/lean/mettapedia/Mettapedia/Languages/MeTTa/Core/Atom.lean:191:def groundedType,/home/zar/claude/Mettapedia/lean/mettapedia/Mettapedia/Languages/MeTTa/Core/Atom.lean:191:def groundedType,core_implemented
IncorrectNumberOfArguments,core,yes,yes,special_result_or_error,engine_const;stdlib_decl,/home/zar/claude/hyperon/hyperon-experimental/lib/src/metta/mod.rs:28,no,present,/home/zar/claude/Mettapedia/lean/mettapedia/Mettapedia/Languages/MeTTa/HE/Types.lean:40:def ErrorCode.toAtom,/home/zar/claude/Mettapedia/lean/mettapedia/Mettapedia/Languages/MeTTa/HE/Types.lean:40:def ErrorCode.toAtom,core_implemented
METTA,core,yes,no,grammar_nonterminal,,,no,present,/home/zar/claude/Mettapedia/lean/batteries/mettail-core/MeTTailCore/MeTTaSyntax/Spec.lean:54:structure SyntaxSpec,/home/zar/claude/Mettapedia/lean/batteries/mettail-core/MeTTailCore/MeTTaSyntax/Spec.lean:54:structure SyntaxSpec,core_implemented
NoReturn,core,yes,yes,special_result_or_error,engine_const,/home/zar/claude/hyperon/hyperon-experimental/lib/src/metta/mod.rs:31,no,present,/home/zar/claude/Mettapedia/lean/mettapedia/Mettapedia/Languages/MeTTa/HE/Types.lean:40:def ErrorCode.toAtom,/home/zar/claude/Mettapedia/lean/mettapedia/Mettapedia/Languages/MeTTa/HE/Types.lean:40:def ErrorCode.toAtom,core_implemented
NotReducible,extension,no,yes,,engine_const,/home/zar/claude/hyperon/hyperon-experimental/lib/src/metta/mod.rs:29,no,present,"/home/zar/claude/Mettapedia/lean/mettapedia/Mettapedia/Languages/MeTTa/Core/Atom.lean:165:def notReducible : Atom := .symbol ""NotReducible""",/home/zar/claude/Mettapedia/lean/mettapedia/Mettapedia/Languages/MeTTa/Core/Atom.lean:165:def notReducible,extension_mapped_in_lean
Pair,extension,no,yes,,builtin_mods_decl,/home/zar/claude/hyperon/hyperon-experimental/lib/src/metta/runner/builtin_mods/skel.metta:2,no,present,"/home/zar/claude/Mettapedia/lean/mettapedia/Mettapedia/Languages/MeTTa/Pure/Core.lean:101:    { label := ""Pair"", category := ""Tm"",",/home/zar/claude/Mettapedia/lean/mettapedia/Mettapedia/Languages/MeTTa/Pure/Core.lean:59:def mettaPure,extension_mapped_in_lean
PairType,extension,no,yes,,builtin_mods_decl,/home/zar/claude/hyperon/hyperon-experimental/lib/src/metta/runner/builtin_mods/skel.metta:1,no,absent,,,extension_runtime_only
STRING,core,yes,no,grammar_nonterminal,,,no,present,/home/zar/claude/Mettapedia/lean/batteries/mettail-core/MeTTailCore/MeTTaSyntax/Spec.lean:54:structure SyntaxSpec,/home/zar/claude/Mettapedia/lean/batteries/mettail-core/MeTTailCore/MeTTaSyntax/Spec.lean:54:structure SyntaxSpec,core_implemented
SYMBOL,core,yes,no,grammar_nonterminal,,,no,present,/home/zar/claude/Mettapedia/lean/batteries/mettail-core/MeTTailCore/MeTTaSyntax/Spec.lean:54:structure SyntaxSpec,/home/zar/claude/Mettapedia/lean/batteries/mettail-core/MeTTailCore/MeTTaSyntax/Spec.lean:54:structure SyntaxSpec,core_implemented
SpaceType,extension,no,yes,,stdlib_decl;stdlib_doc,/home/zar/claude/hyperon/hyperon-experimental/lib/src/metta/runner/stdlib/stdlib.metta:12,no,absent,,,extension_runtime_only
StackOverflow,core,yes,yes,special_result_or_error,engine_const,/home/zar/claude/hyperon/hyperon-experimental/lib/src/metta/mod.rs:30,no,present,/home/zar/claude/Mettapedia/lean/mettapedia/Mettapedia/Languages/MeTTa/HE/HELanguageDef.lean:88:def mettaHE,/home/zar/claude/Mettapedia/lean/mettapedia/Mettapedia/Languages/MeTTa/HE/HELanguageDef.lean:88:def mettaHE,core_implemented
Symbol,core,yes,yes,elementary_type,engine_const,/home/zar/claude/hyperon/hyperon-experimental/lib/src/metta/mod.rs:16,no,present,/home/zar/claude/Mettapedia/lean/mettapedia/Mettapedia/Languages/MeTTa/HE/Matching.lean:39:def matchAtoms,/home/zar/claude/Mettapedia/lean/mettapedia/Mettapedia/Languages/MeTTa/HE/Matching.lean:39:def matchAtoms,core_implemented
Type,core,yes,yes,elementary_type,engine_const,/home/zar/claude/hyperon/hyperon-experimental/lib/src/metta/mod.rs:14,no,present,/home/zar/claude/Mettapedia/lean/mettapedia/Mettapedia/Languages/MeTTa/HE/TransitionSpec.lean:87:def guardFamilyFor,/home/zar/claude/Mettapedia/lean/mettapedia/Mettapedia/Languages/MeTTa/HE/TransitionSpec.lean:87:def guardFamilyFor,core_implemented
VARIABLE,core,yes,no,grammar_nonterminal,,,no,present,/home/zar/claude/Mettapedia/lean/batteries/mettail-core/MeTTailCore/MeTTaSyntax/Spec.lean:54:structure SyntaxSpec,/home/zar/claude/Mettapedia/lean/batteries/mettail-core/MeTTailCore/MeTTaSyntax/Spec.lean:54:structure SyntaxSpec,core_implemented
Variable,core,yes,yes,elementary_type,engine_const,/home/zar/claude/hyperon/hyperon-experimental/lib/src/metta/mod.rs:17,no,present,/home/zar/claude/Mettapedia/lean/mettapedia/Mettapedia/Languages/MeTTa/HE/Matching.lean:39:def matchAtoms,/home/zar/claude/Mettapedia/lean/mettapedia/Mettapedia/Languages/MeTTa/HE/Matching.lean:39:def matchAtoms,core_implemented
WHITESPACE,core,yes,no,grammar_nonterminal,,,no,present,/home/zar/claude/Mettapedia/lean/batteries/mettail-core/MeTTailCore/MeTTaSyntax/Spec.lean:54:structure SyntaxSpec,/home/zar/claude/Mettapedia/lean/batteries/mettail-core/MeTTailCore/MeTTaSyntax/Spec.lean:54:structure SyntaxSpec,core_implemented
WORD,core,yes,no,grammar_nonterminal,,,no,present,/home/zar/claude/Mettapedia/lean/batteries/mettail-core/MeTTailCore/MeTTaSyntax/Spec.lean:54:structure SyntaxSpec,/home/zar/claude/Mettapedia/lean/batteries/mettail-core/MeTTailCore/MeTTaSyntax/Spec.lean:54:structure SyntaxSpec,core_implemented
_collapse-add-next-atom-from-collapse-bind-result,extension,no,yes,,stdlib_doc,/home/zar/claude/hyperon/hyperon-experimental/lib/src/metta/runner/stdlib/stdlib.metta:1211,no,absent,,,extension_runtime_only
abs-math,extension,no,yes,,stdlib_doc,/home/zar/claude/hyperon/hyperon-experimental/lib/src/metta/runner/stdlib/stdlib.metta:149,no,absent,,,extension_runtime_only
acos-math,extension,no,yes,,stdlib_doc,/home/zar/claude/hyperon/hyperon-experimental/lib/src/metta/runner/stdlib/stdlib.metta:204,no,absent,,,extension_runtime_only
add-atom,extension,no,yes,,stdlib_doc,/home/zar/claude/hyperon/hyperon-experimental/lib/src/metta/runner/stdlib/stdlib.metta:973,no,present,"/home/zar/claude/Mettapedia/lean/mettapedia/Mettapedia/Languages/MeTTa/Core/Properties.lean:128:    let addExpr := Atom.expression [.symbol ""add-atom"", .symbol ""&self"", .symbol ""x""]",/home/zar/claude/Mettapedia/lean/mettapedia/Mettapedia/Languages/MeTTa/Core/Properties.lean:127:theorem addAtom_expression_structure,extension_mapped_in_lean
add-atoms,extension,no,yes,,stdlib_decl;stdlib_doc;stdlib_eq,/home/zar/claude/hyperon/hyperon-experimental/lib/src/metta/runner/stdlib/stdlib.metta:675,no,absent,,,extension_runtime_only
add-reduct,extension,no,yes,,stdlib_decl;stdlib_doc;stdlib_eq,/home/zar/claude/hyperon/hyperon-experimental/lib/src/metta/runner/stdlib/stdlib.metta:561,no,absent,,,extension_runtime_only
add-reducts,extension,no,yes,,stdlib_decl;stdlib_doc;stdlib_eq,/home/zar/claude/hyperon/hyperon-experimental/lib/src/metta/runner/stdlib/stdlib.metta:665,no,absent,,,extension_runtime_only
add_var_binding,core,yes,no,algorithm_name,,,no,present,/home/zar/claude/Mettapedia/lean/mettapedia/Mettapedia/Languages/MeTTa/HE/Matching.lean:122:def addVarBinding,/home/zar/claude/Mettapedia/lean/mettapedia/Mettapedia/Languages/MeTTa/HE/Matching.lean:122:def addVarBinding,core_implemented
add_var_equality,core,yes,no,algorithm_name,,,no,present,/home/zar/claude/Mettapedia/lean/mettapedia/Mettapedia/Languages/MeTTa/HE/Matching.lean:147:def addVarEquality,/home/zar/claude/Mettapedia/lean/mettapedia/Mettapedia/Languages/MeTTa/HE/Matching.lean:147:def addVarEquality,core_implemented
and,extension,no,yes,,stdlib_doc,/home/zar/claude/hyperon/hyperon-experimental/lib/src/metta/runner/stdlib/stdlib.metta:522,yes,present,"/home/zar/claude/Mettapedia/lean/mettapedia/Mettapedia/Languages/MeTTa/Core/Premises.lean:650:      | .apply ""and"" [], some b1, some b2 => [[op, lhs, rhs, patternOfBoolSym (b1 && b2)]]",/home/zar/claude/Mettapedia/lean/mettapedia/Mettapedia/Languages/MeTTa/Core/Premises.lean:643:def groundedCallTuples,extension_mapped_in_lean
asin-math,extension,no,yes,,stdlib_doc,/home/zar/claude/hyperon/hyperon-experimental/lib/src/metta/runner/stdlib/stdlib.metta:192,no,absent,,,extension_runtime_only
assert,extension,no,yes,,stdlib_decl;stdlib_eq,/home/zar/claude/hyperon/hyperon-experimental/lib/src/metta/runner/stdlib/stdlib.metta:700,yes,present,"/home/zar/claude/Mettapedia/lean/mettapedia/Mettapedia/Languages/MeTTa/HE/Conformance.lean:407:    testEval (.expression [.symbol ""assert"", .symbol ""True""]) emptySpace",/home/zar/claude/Mettapedia/lean/mettapedia/Mettapedia/Languages/MeTTa/HE/Conformance.lean:406:theorem extension_assert_true,extension_mapped_in_lean
assertAlphaEqual,extension,no,yes,,stdlib_decl;stdlib_doc;stdlib_eq,/home/zar/claude/hyperon/hyperon-experimental/lib/src/metta/runner/stdlib/stdlib.metta:1115,no,absent,,,extension_runtime_only
assertAlphaEqualMsg,extension,no,yes,,stdlib_decl;stdlib_doc;stdlib_eq,/home/zar/claude/hyperon/hyperon-experimental/lib/src/metta/runner/stdlib/stdlib.metta:1128,yes,absent,,,extension_runtime_only
assertAlphaEqualToResult,extension,no,yes,,stdlib_decl;stdlib_doc;stdlib_eq,/home/zar/claude/hyperon/hyperon-experimental/lib/src/metta/runner/stdlib/stdlib.metta:1167,no,absent,,,extension_runtime_only
assertAlphaEqualToResultMsg,extension,no,yes,,stdlib_decl;stdlib_doc;stdlib_eq,/home/zar/claude/hyperon/hyperon-experimental/lib/src/metta/runner/stdlib/stdlib.metta:1179,yes,absent,,,extension_runtime_only
assertEqual,extension,no,yes,,stdlib_decl;stdlib_doc;stdlib_eq,/home/zar/claude/hyperon/hyperon-experimental/lib/src/metta/runner/stdlib/stdlib.metta:1088,yes,absent,,,extension_runtime_only
assertEqualMsg,extension,no,yes,,stdlib_decl;stdlib_doc;stdlib_eq,/home/zar/claude/hyperon/hyperon-experimental/lib/src/metta/runner/stdlib/stdlib.metta:1101,yes,absent,,,extension_runtime_only
assertEqualToResult,extension,no,yes,,stdlib_decl;stdlib_doc;stdlib_eq,/home/zar/claude/hyperon/hyperon-experimental/lib/src/metta/runner/stdlib/stdlib.metta:1142,yes,absent,,,extension_runtime_only
assertEqualToResultMsg,extension,no,yes,,stdlib_decl;stdlib_doc;stdlib_eq,/home/zar/claude/hyperon/hyperon-experimental/lib/src/metta/runner/stdlib/stdlib.metta:1154,yes,absent,,,extension_runtime_only
assertIncludes,extension,no,yes,,stdlib_decl;stdlib_doc;stdlib_eq,/home/zar/claude/hyperon/hyperon-experimental/lib/src/metta/runner/stdlib/stdlib.metta:685,yes,absent,,,extension_runtime_only
atan-math,extension,no,yes,,stdlib_doc,/home/zar/claude/hyperon/hyperon-experimental/lib/src/metta/runner/stdlib/stdlib.metta:216,no,absent,,,extension_runtime_only
atom-subst,extension,no,yes,,stdlib_decl;stdlib_doc;stdlib_eq,/home/zar/claude/hyperon/hyperon-experimental/lib/src/metta/runner/stdlib/stdlib.metta:273,no,absent,,,extension_runtime_only
bind!,extension,no,yes,,stdlib_doc,/home/zar/claude/hyperon/hyperon-experimental/lib/src/metta/runner/stdlib/stdlib.metta:1265,yes,absent,,,extension_runtime_only
call-native,core,yes,yes,minimal_instruction,engine_const,/home/zar/claude/hyperon/hyperon-experimental/lib/src/metta/mod.rs:47,no,present,/home/zar/claude/Mettapedia/lean/mettapedia/Mettapedia/Languages/MeTTa/Core/MinimalOps.lean:103:def callNativeOp,/home/zar/claude/Mettapedia/lean/mettapedia/Mettapedia/Languages/MeTTa/Core/MinimalOps.lean:103:def callNativeOp,core_implemented
capture,extension,no,yes,,stdlib_doc,/home/zar/claude/hyperon/hyperon-experimental/lib/src/metta/runner/stdlib/stdlib.metta:1235,no,present,/home/zar/claude/Mettapedia/lean/mettapedia/Mettapedia/Languages/MeTTa/Core/MinimalOps.lean:29:    The multiset captures non-determinism: all possible results. -/,,extension_mapped_in_lean
car-atom,extension,no,yes,,stdlib_decl;stdlib_doc;stdlib_eq,/home/zar/claude/hyperon/hyperon-experimental/lib/src/metta/runner/stdlib/stdlib.metta:570,no,absent,,,extension_runtime_only
case,extension,no,yes,,stdlib_decl;stdlib_doc;stdlib_eq,/home/zar/claude/hyperon/hyperon-experimental/lib/src/metta/runner/stdlib/stdlib.metta:1218,yes,present,"/home/zar/claude/Mettapedia/lean/mettapedia/Mettapedia/Languages/MeTTa/HE/Conformance.lean:420:    testEval (.expression [.symbol ""case"", .symbol ""a"",",/home/zar/claude/Mettapedia/lean/mettapedia/Mettapedia/Languages/MeTTa/HE/Conformance.lean:419:theorem extension_case_first_match,extension_mapped_in_lean
catalog-clear!,extension,no,yes,,builtin_mods_doc,/home/zar/claude/hyperon/hyperon-experimental/lib/src/metta/runner/builtin_mods/catalog.metta:13,no,absent,,,extension_runtime_only
catalog-list!,extension,no,yes,,builtin_mods_doc,/home/zar/claude/hyperon/hyperon-experimental/lib/src/metta/runner/builtin_mods/catalog.metta:1,no,absent,,,extension_runtime_only
catalog-update!,extension,no,yes,,builtin_mods_doc,/home/zar/claude/hyperon/hyperon-experimental/lib/src/metta/runner/builtin_mods/catalog.metta:7,no,absent,,,extension_runtime_only
cdr-atom,extension,no,yes,,stdlib_decl;stdlib_doc;stdlib_eq,/home/zar/claude/hyperon/hyperon-experimental/lib/src/metta/runner/stdlib/stdlib.metta:581,no,absent,,,extension_runtime_only
ceil-math,extension,no,yes,,stdlib_doc,/home/zar/claude/hyperon/hyperon-experimental/lib/src/metta/runner/stdlib/stdlib.metta:168,no,absent,,,extension_runtime_only
chain,core,yes,yes,minimal_instruction,engine_const;stdlib_decl;stdlib_doc,/home/zar/claude/hyperon/hyperon-experimental/lib/src/metta/mod.rs:37,no,present,/home/zar/claude/Mettapedia/lean/mettapedia/Mettapedia/Languages/MeTTa/Core/FullLanguageDef.lean:29:def mettaFull,/home/zar/claude/Mettapedia/lean/mettapedia/Mettapedia/Languages/MeTTa/Core/FullLanguageDef.lean:29:def mettaFull,core_implemented
change-state!,extension,no,yes,,stdlib_doc,/home/zar/claude/hyperon/hyperon-experimental/lib/src/metta/runner/stdlib/stdlib.metta:1037,no,absent,,,extension_runtime_only
check_argument_type,core,yes,no,algorithm_name,,,no,present,/home/zar/claude/Mettapedia/lean/mettapedia/Mettapedia/Languages/MeTTa/HE/TypeCheck.lean:31:def checkArgumentType,/home/zar/claude/Mettapedia/lean/mettapedia/Mettapedia/Languages/MeTTa/HE/TypeCheck.lean:31:def checkArgumentType,core_implemented
check_if_function_type_is_applicable,core,yes,no,algorithm_name,,,no,present,/home/zar/claude/Mettapedia/lean/mettapedia/Mettapedia/Languages/MeTTa/HE/TypeCheck.lean:55:def checkIfFunctionTypeIsApplicable,/home/zar/claude/Mettapedia/lean/mettapedia/Mettapedia/Languages/MeTTa/HE/TypeCheck.lean:55:def checkIfFunctionTypeIsApplicable,core_implemented
collapse,extension,no,yes,,stdlib_decl;stdlib_doc;stdlib_eq,/home/zar/claude/hyperon/hyperon-experimental/lib/src/metta/runner/stdlib/stdlib.metta:1198,no,present,"/home/zar/claude/Mettapedia/lean/mettapedia/Mettapedia/Languages/MeTTa/PeTTa/Eval.lean:118:      PeTTaEval s (.apply ""collapse"" [p]) [.collection .vec answers none]",/home/zar/claude/Mettapedia/lean/mettapedia/Mettapedia/Languages/MeTTa/PeTTa/Eval.lean:59:inductive PeTTaEval,extension_mapped_in_lean
collapse-bind,core,yes,yes,minimal_instruction,engine_const;stdlib_decl;stdlib_doc,/home/zar/claude/hyperon/hyperon-experimental/lib/src/metta/mod.rs:43,no,present,/home/zar/claude/Mettapedia/lean/mettapedia/Mettapedia/Languages/MeTTa/Core/MinimalOps.lean:194:def collapseBind,/home/zar/claude/Mettapedia/lean/mettapedia/Mettapedia/Languages/MeTTa/Core/MinimalOps.lean:194:def collapseBind,core_implemented
cons-atom,core,yes,yes,minimal_instruction,engine_const;stdlib_decl;stdlib_doc,/home/zar/claude/hyperon/hyperon-experimental/lib/src/metta/mod.rs:40,yes,present,/home/zar/claude/Mettapedia/lean/mettapedia/Mettapedia/Languages/MeTTa/PeTTa/MinimalInstructions.lean:71:inductive MeTTaStep,/home/zar/claude/Mettapedia/lean/mettapedia/Mettapedia/Languages/MeTTa/PeTTa/MinimalInstructions.lean:71:inductive MeTTaStep,core_implemented
context-space,core,yes,yes,minimal_instruction,engine_const;stdlib_decl;stdlib_doc,/home/zar/claude/hyperon/hyperon-experimental/lib/src/metta/mod.rs:48,no,present,/home/zar/claude/Mettapedia/lean/mettapedia/Mettapedia/Languages/MeTTa/Core/MinimalOps.lean:95:def contextSpace,/home/zar/claude/Mettapedia/lean/mettapedia/Mettapedia/Languages/MeTTa/Core/MinimalOps.lean:95:def contextSpace,core_implemented
cos-math,extension,no,yes,,stdlib_doc,/home/zar/claude/hyperon/hyperon-experimental/lib/src/metta/runner/stdlib/stdlib.metta:198,no,absent,,,extension_runtime_only
das-create-context!,extension,no,yes,,builtin_mods_doc,/home/zar/claude/hyperon/hyperon-experimental/lib/src/metta/runner/builtin_mods/das.metta:35,no,absent,,,extension_runtime_only
das-evolution!,extension,no,yes,,builtin_mods_doc,/home/zar/claude/hyperon/hyperon-experimental/lib/src/metta/runner/builtin_mods/das.metta:42,no,absent,,,extension_runtime_only
das-get-params!,extension,no,yes,,builtin_mods_doc,/home/zar/claude/hyperon/hyperon-experimental/lib/src/metta/runner/builtin_mods/das.metta:30,no,absent,,,extension_runtime_only
das-helpers!,extension,no,yes,,builtin_mods_doc,/home/zar/claude/hyperon/hyperon-experimental/lib/src/metta/runner/builtin_mods/das.metta:56,yes,absent,,,extension_runtime_only
das-join-network!,extension,no,yes,,builtin_mods_doc,/home/zar/claude/hyperon/hyperon-experimental/lib/src/metta/runner/builtin_mods/das.metta:8,no,absent,,,extension_runtime_only
das-link-creation!,extension,no,yes,,builtin_mods_doc,/home/zar/claude/hyperon/hyperon-experimental/lib/src/metta/runner/builtin_mods/das.metta:49,no,absent,,,extension_runtime_only
das-service-status!,extension,no,yes,,builtin_mods_doc,/home/zar/claude/hyperon/hyperon-experimental/lib/src/metta/runner/builtin_mods/das.metta:18,yes,absent,,,extension_runtime_only
das-services!,extension,no,yes,,builtin_mods_doc,/home/zar/claude/hyperon/hyperon-experimental/lib/src/metta/runner/builtin_mods/das.metta:13,no,absent,,,extension_runtime_only
das-set-param!,extension,no,yes,,builtin_mods_doc,/home/zar/claude/hyperon/hyperon-experimental/lib/src/metta/runner/builtin_mods/das.metta:24,no,absent,,,extension_runtime_only
decons-atom,core,yes,yes,minimal_instruction,engine_const;stdlib_decl;stdlib_doc,/home/zar/claude/hyperon/hyperon-experimental/lib/src/metta/mod.rs:39,no,present,/home/zar/claude/Mettapedia/lean/mettapedia/Mettapedia/Languages/MeTTa/PeTTa/MinimalInstructions.lean:71:inductive MeTTaStep,/home/zar/claude/Mettapedia/lean/mettapedia/Mettapedia/Languages/MeTTa/PeTTa/MinimalInstructions.lean:71:inductive MeTTaStep,core_implemented
dict-space,extension,no,yes,,builtin_mods_decl;builtin_mods_doc;builtin_mods_eq,/home/zar/claude/hyperon/hyperon-experimental/lib/src/metta/runner/builtin_mods/json.metta:20,no,absent,,,extension_runtime_only
empty,extension,no,yes,,stdlib_doc;stdlib_eq,/home/zar/claude/hyperon/hyperon-experimental/lib/src/metta/runner/stdlib/stdlib.metta:618,no,present,"/home/zar/claude/Mettapedia/lean/mettapedia/Mettapedia/Languages/MeTTa/PeTTa/MinimalInstructions.lean:164:      MeTTaStep s (.apply ""empty"" []) (.apply ""Empty"" [])",/home/zar/claude/Mettapedia/lean/mettapedia/Mettapedia/Languages/MeTTa/PeTTa/MinimalInstructions.lean:71:inductive MeTTaStep,extension_mapped_in_lean
eval,core,yes,yes,minimal_instruction,engine_const;stdlib_decl;stdlib_doc,/home/zar/claude/hyperon/hyperon-experimental/lib/src/metta/mod.rs:35,no,present,/home/zar/claude/Mettapedia/lean/mettapedia/Mettapedia/Languages/MeTTa/Core/FullLanguageDef.lean:29:def mettaFull,/home/zar/claude/Mettapedia/lean/mettapedia/Mettapedia/Languages/MeTTa/Core/FullLanguageDef.lean:29:def mettaFull,core_implemented
evalc,core,yes,yes,minimal_instruction,engine_const;stdlib_decl;stdlib_doc,/home/zar/claude/hyperon/hyperon-experimental/lib/src/metta/mod.rs:36,no,present,/home/zar/claude/Mettapedia/lean/mettapedia/Mettapedia/Languages/MeTTa/PeTTa/MinimalInstructions.lean:71:inductive MeTTaStep,/home/zar/claude/Mettapedia/lean/mettapedia/Mettapedia/Languages/MeTTa/PeTTa/MinimalInstructions.lean:71:inductive MeTTaStep,core_implemented
file-get-size!,extension,no,yes,,builtin_mods_doc,/home/zar/claude/hyperon/hyperon-experimental/lib/src/metta/runner/builtin_mods/fileio.metta:43,no,absent,,,extension_runtime_only
file-open!,extension,no,yes,,builtin_mods_doc,/home/zar/claude/hyperon/hyperon-experimental/lib/src/metta/runner/builtin_mods/fileio.metta:1,no,absent,,,extension_runtime_only
file-read-exact!,extension,no,yes,,builtin_mods_doc,/home/zar/claude/hyperon/hyperon-experimental/lib/src/metta/runner/builtin_mods/fileio.metta:34,no,absent,,,extension_runtime_only
file-read-to-string!,extension,no,yes,,builtin_mods_doc,/home/zar/claude/hyperon/hyperon-experimental/lib/src/metta/runner/builtin_mods/fileio.metta:11,no,absent,,,extension_runtime_only
file-seek!,extension,no,yes,,builtin_mods_doc,/home/zar/claude/hyperon/hyperon-experimental/lib/src/metta/runner/builtin_mods/fileio.metta:26,no,absent,,,extension_runtime_only
file-write!,extension,no,yes,,builtin_mods_doc,/home/zar/claude/hyperon/hyperon-experimental/lib/src/metta/runner/builtin_mods/fileio.metta:18,no,absent,,,extension_runtime_only
filter-atom,extension,no,yes,,stdlib_decl;stdlib_doc;stdlib_eq,/home/zar/claude/hyperon/hyperon-experimental/lib/src/metta/runner/stdlib/stdlib.metta:447,no,absent,,,extension_runtime_only
first-from-pair,extension,no,yes,,stdlib_doc;stdlib_eq,/home/zar/claude/hyperon/hyperon-experimental/lib/src/metta/runner/stdlib/stdlib.metta:424,no,absent,,,extension_runtime_only
flip,extension,no,yes,,builtin_mods_doc,/home/zar/claude/hyperon/hyperon-experimental/lib/src/metta/runner/builtin_mods/random.metta:36,no,absent,,,extension_runtime_only
floor-math,extension,no,yes,,stdlib_doc,/home/zar/claude/hyperon/hyperon-experimental/lib/src/metta/runner/stdlib/stdlib.metta:174,no,absent,,,extension_runtime_only
foldl-atom,extension,no,yes,,stdlib_decl;stdlib_doc;stdlib_eq,/home/zar/claude/hyperon/hyperon-experimental/lib/src/metta/runner/stdlib/stdlib.metta:485,yes,absent,,,extension_runtime_only
for-each-in-atom,extension,no,yes,,stdlib_decl;stdlib_doc;stdlib_eq,/home/zar/claude/hyperon/hyperon-experimental/lib/src/metta/runner/stdlib/stdlib.metta:945,no,absent,,,extension_runtime_only
format-args,extension,no,yes,,stdlib_doc,/home/zar/claude/hyperon/hyperon-experimental/lib/src/metta/runner/stdlib/stdlib.metta:1285,no,absent,,,extension_runtime_only
function,core,yes,yes,minimal_instruction,engine_const;stdlib_decl;stdlib_doc,/home/zar/claude/hyperon/hyperon-experimental/lib/src/metta/mod.rs:41,no,present,/home/zar/claude/Mettapedia/lean/mettapedia/Mettapedia/Languages/MeTTa/Core/MinimalOps.lean:231:def evalFunction,/home/zar/claude/Mettapedia/lean/mettapedia/Mettapedia/Languages/MeTTa/Core/MinimalOps.lean:231:def evalFunction,core_implemented
get-atoms,extension,no,yes,,stdlib_doc,/home/zar/claude/hyperon/hyperon-experimental/lib/src/metta/runner/stdlib/stdlib.metta:1020,no,present,"/home/zar/claude/Mettapedia/lean/mettapedia/Mettapedia/Languages/MeTTa/PeTTa/Effects.lean:129:        (.apply ""get-atoms"" [.apply ""&self"" []])",/home/zar/claude/Mettapedia/lean/mettapedia/Mettapedia/Languages/MeTTa/PeTTa/Effects.lean:101:inductive PeTTaCmd,extension_mapped_in_lean
get-doc,extension,no,yes,,stdlib_decl;stdlib_doc;stdlib_eq,/home/zar/claude/hyperon/hyperon-experimental/lib/src/metta/runner/stdlib/stdlib.metta:789,no,absent,,,extension_runtime_only
get-doc-atom,extension,no,yes,,stdlib_decl;stdlib_doc;stdlib_eq,/home/zar/claude/hyperon/hyperon-experimental/lib/src/metta/runner/stdlib/stdlib.metta:862,no,absent,,,extension_runtime_only
get-doc-function,extension,no,yes,,stdlib_decl;stdlib_doc;stdlib_eq,/home/zar/claude/hyperon/hyperon-experimental/lib/src/metta/runner/stdlib/stdlib.metta:815,no,absent,,,extension_runtime_only
get-doc-params,extension,no,yes,,stdlib_decl;stdlib_doc;stdlib_eq,/home/zar/claude/hyperon/hyperon-experimental/lib/src/metta/runner/stdlib/stdlib.metta:842,no,absent,,,extension_runtime_only
get-doc-single-atom,extension,no,yes,,stdlib_decl;stdlib_doc;stdlib_eq,/home/zar/claude/hyperon/hyperon-experimental/lib/src/metta/runner/stdlib/stdlib.metta:802,no,absent,,,extension_runtime_only
get-keys,extension,no,yes,,builtin_mods_decl;builtin_mods_doc;builtin_mods_eq,/home/zar/claude/hyperon/hyperon-experimental/lib/src/metta/runner/builtin_mods/json.metta:10,no,absent,,,extension_runtime_only
get-metatype,extension,no,yes,,stdlib_doc,/home/zar/claude/hyperon/hyperon-experimental/lib/src/metta/runner/stdlib/stdlib.metta:993,no,absent,,,extension_runtime_only
get-state,extension,no,yes,,stdlib_doc,/home/zar/claude/hyperon/hyperon-experimental/lib/src/metta/runner/stdlib/stdlib.metta:1044,no,absent,,,extension_runtime_only
get-type,extension,no,yes,,stdlib_doc,/home/zar/claude/hyperon/hyperon-experimental/lib/src/metta/runner/stdlib/stdlib.metta:980,no,absent,,,extension_runtime_only
get-type-space,extension,no,yes,,stdlib_doc,/home/zar/claude/hyperon/hyperon-experimental/lib/src/metta/runner/stdlib/stdlib.metta:986,no,absent,,,extension_runtime_only
get-value,extension,no,yes,,builtin_mods_decl;builtin_mods_doc;builtin_mods_eq,/home/zar/claude/hyperon/hyperon-experimental/lib/src/metta/runner/builtin_mods/json.metta:1,no,absent,,,extension_runtime_only
git-module!,extension,no,yes,,stdlib_doc,/home/zar/claude/hyperon/hyperon-experimental/lib/src/metta/runner/stdlib/stdlib.metta:1417,no,absent,,,extension_runtime_only
help!,extension,no,yes,,stdlib_decl;stdlib_doc;stdlib_eq,/home/zar/claude/hyperon/hyperon-experimental/lib/src/metta/runner/stdlib/stdlib.metta:877,no,absent,,,extension_runtime_only
help-internal!,extension,no,yes,,stdlib_decl;stdlib_eq,/home/zar/claude/hyperon/hyperon-experimental/lib/src/metta/runner/stdlib/stdlib.metta:891,no,absent,,,extension_runtime_only
help-param!,extension,no,yes,,stdlib_decl;stdlib_doc;stdlib_eq,/home/zar/claude/hyperon/hyperon-experimental/lib/src/metta/runner/stdlib/stdlib.metta:935,no,absent,,,extension_runtime_only
help-space!,extension,no,yes,,stdlib_decl;stdlib_doc;stdlib_eq,/home/zar/claude/hyperon/hyperon-experimental/lib/src/metta/runner/stdlib/stdlib.metta:918,no,absent,,,extension_runtime_only
id,extension,no,yes,,stdlib_decl;stdlib_doc;stdlib_eq,/home/zar/claude/hyperon/hyperon-experimental/lib/src/metta/runner/stdlib/stdlib.metta:257,yes,present,/home/zar/claude/Mettapedia/lean/mettapedia/Mettapedia/Languages/Prolog/FixtureCorpus.lean:114:/-- Alias theorem for ISO test id `iso_disjunction_2_01`. -/,/home/zar/claude/Mettapedia/lean/mettapedia/Mettapedia/Languages/Prolog/FixtureCorpus.lean:109:theorem iso_disjunction_2_01_like,extension_mapped_in_lean
if,extension,no,yes,,stdlib_decl;stdlib_doc;stdlib_eq,/home/zar/claude/hyperon/hyperon-experimental/lib/src/metta/runner/stdlib/stdlib.metta:504,yes,present,"/home/zar/claude/Mettapedia/lean/mettapedia/Mettapedia/Languages/MeTTa/PeTTa/StdLib.lean:40:    left        := .apply ""if"" [.apply ""True"" [], .fvar ""then"", .fvar ""else""]",/home/zar/claude/Mettapedia/lean/mettapedia/Mettapedia/Languages/MeTTa/PeTTa/StdLib.lean:36:def ifTrueRule,extension_mapped_in_lean
if-decons-expr,extension,no,yes,,stdlib_decl;stdlib_doc;stdlib_eq,/home/zar/claude/hyperon/hyperon-experimental/lib/src/metta/runner/stdlib/stdlib.metta:284,yes,absent,,,extension_runtime_only
if-equal,extension,no,yes,,stdlib_doc,/home/zar/claude/hyperon/hyperon-experimental/lib/src/metta/runner/stdlib/stdlib.metta:999,no,absent,,,extension_runtime_only
if-error,extension,no,yes,,stdlib_decl;stdlib_doc;stdlib_eq,/home/zar/claude/hyperon/hyperon-experimental/lib/src/metta/runner/stdlib/stdlib.metta:300,no,absent,,,extension_runtime_only
import!,extension,no,yes,,stdlib_doc,/home/zar/claude/hyperon/hyperon-experimental/lib/src/metta/runner/stdlib/stdlib.metta:1252,yes,absent,,,extension_runtime_only
include,extension,no,yes,,stdlib_doc,/home/zar/claude/hyperon/hyperon-experimental/lib/src/metta/runner/stdlib/stdlib.metta:1259,no,present,/home/zar/claude/Mettapedia/lean/mettapedia/Mettapedia/Languages/MeTTa/PeTTa/TypeSystem.lean:15:PeTTaSpace (facts include (: p t) annotations),,extension_mapped_in_lean
index-atom,extension,no,yes,,stdlib_doc,/home/zar/claude/hyperon/hyperon-experimental/lib/src/metta/runner/stdlib/stdlib.metta:129,no,absent,,,extension_runtime_only
interpret_args,core,yes,no,algorithm_name,,,no,present,/home/zar/claude/Mettapedia/lean/mettapedia/Mettapedia/Languages/MeTTa/HE/Interpreter.lean:169:def interpretArgs,/home/zar/claude/Mettapedia/lean/mettapedia/Mettapedia/Languages/MeTTa/HE/Interpreter.lean:169:def interpretArgs,core_implemented
interpret_expression,core,yes,no,algorithm_name,,,no,present,/home/zar/claude/Mettapedia/lean/mettapedia/Mettapedia/Languages/MeTTa/HE/Interpreter.lean:83:def interpretExpression,/home/zar/claude/Mettapedia/lean/mettapedia/Mettapedia/Languages/MeTTa/HE/Interpreter.lean:83:def interpretExpression,core_implemented
interpret_function,core,yes,no,algorithm_name,,,no,present,/home/zar/claude/Mettapedia/lean/mettapedia/Mettapedia/Languages/MeTTa/HE/Interpreter.lean:134:def interpretFunction,/home/zar/claude/Mettapedia/lean/mettapedia/Mettapedia/Languages/MeTTa/HE/Interpreter.lean:134:def interpretFunction,core_implemented
interpret_tuple,core,yes,no,algorithm_name,,,no,present,/home/zar/claude/Mettapedia/lean/mettapedia/Mettapedia/Languages/MeTTa/HE/Interpreter.lean:222:def interpretTuple,/home/zar/claude/Mettapedia/lean/mettapedia/Mettapedia/Languages/MeTTa/HE/Interpreter.lean:222:def interpretTuple,core_implemented
intersection,extension,no,yes,,stdlib_decl;stdlib_doc;stdlib_eq,/home/zar/claude/hyperon/hyperon-experimental/lib/src/metta/runner/stdlib/stdlib.metta:643,no,present,/home/zar/claude/Mettapedia/lean/mettapedia/Mettapedia/Languages/MeTTa/Core/Atomspace.lean:306:/-- Containment in intersection implies containment in both -/,/home/zar/claude/Mettapedia/lean/mettapedia/Mettapedia/Languages/MeTTa/Core/Atomspace.lean:301:theorem inter_size_le_left,extension_mapped_in_lean
intersection-atom,extension,no,yes,,stdlib_doc,/home/zar/claude/hyperon/hyperon-experimental/lib/src/metta/runner/stdlib/stdlib.metta:1403,no,absent,,,extension_runtime_only
is-function,extension,no,yes,,stdlib_decl;stdlib_doc;stdlib_eq,/home/zar/claude/hyperon/hyperon-experimental/lib/src/metta/runner/stdlib/stdlib.metta:371,no,absent,,,extension_runtime_only
isinf-math,extension,no,yes,,stdlib_doc,/home/zar/claude/hyperon/hyperon-experimental/lib/src/metta/runner/stdlib/stdlib.metta:228,no,absent,,,extension_runtime_only
isnan-math,extension,no,yes,,stdlib_doc,/home/zar/claude/hyperon/hyperon-experimental/lib/src/metta/runner/stdlib/stdlib.metta:222,no,absent,,,extension_runtime_only
json-decode,extension,no,yes,,builtin_mods_doc,/home/zar/claude/hyperon/hyperon-experimental/lib/src/metta/runner/builtin_mods/json.metta:37,no,absent,,,extension_runtime_only
json-encode,extension,no,yes,,builtin_mods_doc,/home/zar/claude/hyperon/hyperon-experimental/lib/src/metta/runner/builtin_mods/json.metta:31,no,absent,,,extension_runtime_only
let,extension,no,yes,,stdlib_decl;stdlib_doc;stdlib_eq,/home/zar/claude/hyperon/hyperon-experimental/lib/src/metta/runner/stdlib/stdlib.metta:535,yes,present,"/home/zar/claude/Mettapedia/lean/mettapedia/Mettapedia/Languages/MeTTa/PeTTa/StdLib.lean:144:    left        := .apply ""let"" [.fvar ""var"", .fvar ""val"", .fvar ""body""]",/home/zar/claude/Mettapedia/lean/mettapedia/Mettapedia/Languages/MeTTa/PeTTa/StdLib.lean:140:def letRule,extension_mapped_in_lean
let*,extension,no,yes,,stdlib_decl;stdlib_doc;stdlib_eq,/home/zar/claude/hyperon/hyperon-experimental/lib/src/metta/runner/stdlib/stdlib.metta:546,no,present,"/home/zar/claude/Mettapedia/lean/mettapedia/Mettapedia/Languages/MeTTa/PeTTa/StdLib.lean:210:    left        := .apply ""let*"" [.collection .vec [] none, .fvar ""body""]",/home/zar/claude/Mettapedia/lean/mettapedia/Mettapedia/Languages/MeTTa/PeTTa/StdLib.lean:206:def letStarBaseRule,extension_mapped_in_lean
log-math,extension,no,yes,,stdlib_doc,/home/zar/claude/hyperon/hyperon-experimental/lib/src/metta/runner/stdlib/stdlib.metta:155,no,absent,,,extension_runtime_only
map-atom,extension,no,yes,,stdlib_decl;stdlib_doc;stdlib_eq,/home/zar/claude/hyperon/hyperon-experimental/lib/src/metta/runner/stdlib/stdlib.metta:467,yes,absent,,,extension_runtime_only
match,extension,no,yes,,stdlib_doc,/home/zar/claude/hyperon/hyperon-experimental/lib/src/metta/runner/stdlib/stdlib.metta:1050,yes,present,"/home/zar/claude/Mettapedia/lean/mettapedia/Mettapedia/Languages/MeTTa/HE/TransitionSpec.lean:90:  else if ruleName.contains ""Mismatch"" || ruleName.contains ""Match"" then ""match""",/home/zar/claude/Mettapedia/lean/mettapedia/Mettapedia/Languages/MeTTa/HE/TransitionSpec.lean:87:def guardFamilyFor,extension_mapped_in_lean
match-type-or,extension,no,yes,,stdlib_doc;stdlib_eq,/home/zar/claude/hyperon/hyperon-experimental/lib/src/metta/runner/stdlib/stdlib.metta:435,no,absent,,,extension_runtime_only
match-types,extension,no,yes,,stdlib_doc;stdlib_eq,/home/zar/claude/hyperon/hyperon-experimental/lib/src/metta/runner/stdlib/stdlib.metta:405,no,absent,,,extension_runtime_only
match_atoms,core,yes,no,algorithm_name,,,no,present,/home/zar/claude/Mettapedia/lean/mettapedia/Mettapedia/Languages/MeTTa/HE/Matching.lean:39:def matchAtoms,/home/zar/claude/Mettapedia/lean/mettapedia/Mettapedia/Languages/MeTTa/HE/Matching.lean:39:def matchAtoms,core_implemented
match_types,core,yes,no,algorithm_name,,,no,present,/home/zar/claude/Mettapedia/lean/mettapedia/Mettapedia/Languages/MeTTa/HE/Matching.lean:182:def matchTypes,/home/zar/claude/Mettapedia/lean/mettapedia/Mettapedia/Languages/MeTTa/HE/Matching.lean:182:def matchTypes,core_implemented
max-atom,extension,no,yes,,stdlib_doc,/home/zar/claude/hyperon/hyperon-experimental/lib/src/metta/runner/stdlib/stdlib.metta:117,no,absent,,,extension_runtime_only
merge_bindings,core,yes,no,algorithm_name,,,no,present,/home/zar/claude/Mettapedia/lean/mettapedia/Mettapedia/Languages/MeTTa/HE/Matching.lean:103:def mergeBindings,/home/zar/claude/Mettapedia/lean/mettapedia/Mettapedia/Languages/MeTTa/HE/Matching.lean:103:def mergeBindings,core_implemented
metta,core,yes,yes,algorithm_name;minimal_instruction,engine_const;stdlib_decl;stdlib_doc,/home/zar/claude/hyperon/hyperon-experimental/lib/src/metta/mod.rs:46,no,present,/home/zar/claude/Mettapedia/lean/mettapedia/Mettapedia/Languages/MeTTa/HE/TransitionSpec.lean:64:def sourceInstrClassFor,/home/zar/claude/Mettapedia/lean/mettapedia/Mettapedia/Languages/MeTTa/HE/TransitionSpec.lean:64:def sourceInstrClassFor,core_implemented
metta_call,core,yes,no,algorithm_name,,,no,present,/home/zar/claude/Mettapedia/lean/mettapedia/Mettapedia/Languages/MeTTa/HE/Interpreter.lean:256:def mettaCall,/home/zar/claude/Mettapedia/lean/mettapedia/Mettapedia/Languages/MeTTa/HE/Interpreter.lean:256:def mettaCall,core_implemented
min-atom,extension,no,yes,,stdlib_doc,/home/zar/claude/hyperon/hyperon-experimental/lib/src/metta/runner/stdlib/stdlib.metta:111,no,absent,,,extension_runtime_only
mod-space!,extension,no,yes,,stdlib_doc,/home/zar/claude/hyperon/hyperon-experimental/lib/src/metta/runner/stdlib/stdlib.metta:1064,no,absent,,,extension_runtime_only
module-space-no-deps,extension,no,yes,,stdlib_doc,/home/zar/claude/hyperon/hyperon-experimental/lib/src/metta/runner/stdlib/stdlib.metta:1070,no,absent,,,extension_runtime_only
new-das!,extension,no,yes,,builtin_mods_doc,/home/zar/claude/hyperon/hyperon-experimental/lib/src/metta/runner/builtin_mods/das.metta:1,yes,absent,,,extension_runtime_only
new-random-generator,extension,no,yes,,builtin_mods_doc,/home/zar/claude/hyperon/hyperon-experimental/lib/src/metta/runner/builtin_mods/random.metta:24,no,absent,,,extension_runtime_only
new-space,extension,no,yes,,stdlib_doc,/home/zar/claude/hyperon/hyperon-experimental/lib/src/metta/runner/stdlib/stdlib.metta:1008,no,absent,,,extension_runtime_only
new-state,extension,no,yes,,stdlib_decl;stdlib_doc;stdlib_eq,/home/zar/claude/hyperon/hyperon-experimental/lib/src/metta/runner/stdlib/stdlib.metta:1026,no,absent,,,extension_runtime_only
noeval,extension,no,yes,,stdlib_decl;stdlib_doc;stdlib_eq,/home/zar/claude/hyperon/hyperon-experimental/lib/src/metta/runner/stdlib/stdlib.metta:265,yes,absent,,,extension_runtime_only
nop,extension,no,yes,,stdlib_doc;stdlib_eq,/home/zar/claude/hyperon/hyperon-experimental/lib/src/metta/runner/stdlib/stdlib.metta:610,no,absent,,,extension_runtime_only
noreduce-eq,extension,no,yes,,stdlib_decl;stdlib_doc;stdlib_eq,/home/zar/claude/hyperon/hyperon-experimental/lib/src/metta/runner/stdlib/stdlib.metta:960,no,absent,,,extension_runtime_only
not,extension,no,yes,,stdlib_doc,/home/zar/claude/hyperon/hyperon-experimental/lib/src/metta/runner/stdlib/stdlib.metta:529,no,present,"/home/zar/claude/Mettapedia/lean/mettapedia/Mettapedia/Languages/MeTTa/HE/Conformance.lean:415:          (.expression [.symbol ""False"", .symbol ""not"", .symbol ""True""]), emptyB)] := rfl",/home/zar/claude/Mettapedia/lean/mettapedia/Mettapedia/Languages/MeTTa/HE/Conformance.lean:412:theorem extension_assert_false_error,extension_mapped_in_lean
or,extension,no,yes,,stdlib_doc,/home/zar/claude/hyperon/hyperon-experimental/lib/src/metta/runner/stdlib/stdlib.metta:515,yes,present,"/home/zar/claude/Mettapedia/lean/mettapedia/Mettapedia/Languages/MeTTa/Core/Premises.lean:651:      | .apply ""or"" [], some b1, some b2 => [[op, lhs, rhs, patternOfBoolSym (b1 || b2)]]",/home/zar/claude/Mettapedia/lean/mettapedia/Mettapedia/Languages/MeTTa/Core/Premises.lean:643:def groundedCallTuples,extension_mapped_in_lean
pow-math,extension,no,yes,,stdlib_doc,/home/zar/claude/hyperon/hyperon-experimental/lib/src/metta/runner/stdlib/stdlib.metta:136,no,absent,,,extension_runtime_only
pragma!,extension,no,yes,,stdlib_doc,/home/zar/claude/hyperon/hyperon-experimental/lib/src/metta/runner/stdlib/stdlib.metta:1241,no,absent,,,extension_runtime_only
print-mods!,extension,no,yes,,stdlib_doc,/home/zar/claude/hyperon/hyperon-experimental/lib/src/metta/runner/stdlib/stdlib.metta:1076,no,absent,,,extension_runtime_only
println!,extension,no,yes,,stdlib_doc,/home/zar/claude/hyperon/hyperon-experimental/lib/src/metta/runner/stdlib/stdlib.metta:1279,no,absent,,,extension_runtime_only
quote,extension,no,yes,,stdlib_decl;stdlib_doc;stdlib_eq,/home/zar/claude/hyperon/hyperon-experimental/lib/src/metta/runner/stdlib/stdlib.metta:592,yes,present,"/home/zar/claude/Mettapedia/lean/mettapedia/Mettapedia/Languages/MeTTa/Core/Types.lean:213:  | some (.symbol ""Quote"") => false  -- Don't evaluate quotes",/home/zar/claude/Mettapedia/lean/mettapedia/Mettapedia/Languages/MeTTa/Core/Types.lean:208:def shouldEvaluate,extension_mapped_in_lean
random-float,extension,no,yes,,builtin_mods_doc,/home/zar/claude/hyperon/hyperon-experimental/lib/src/metta/runner/builtin_mods/random.metta:9,no,absent,,,extension_runtime_only
random-int,extension,no,yes,,builtin_mods_doc,/home/zar/claude/hyperon/hyperon-experimental/lib/src/metta/runner/builtin_mods/random.metta:1,no,absent,,,extension_runtime_only
register-module!,extension,no,yes,,stdlib_doc,/home/zar/claude/hyperon/hyperon-experimental/lib/src/metta/runner/stdlib/stdlib.metta:1058,no,absent,,,extension_runtime_only
remove-atom,extension,no,yes,,stdlib_doc,/home/zar/claude/hyperon/hyperon-experimental/lib/src/metta/runner/stdlib/stdlib.metta:1013,no,present,"/home/zar/claude/Mettapedia/lean/mettapedia/Mettapedia/Languages/MeTTa/Core/RewriteRules.lean:81:    | .expression [.symbol ""remove-atom"", _, atom] =>",/home/zar/claude/Mettapedia/lean/mettapedia/Mettapedia/Languages/MeTTa/Core/RewriteRules.lean:77:def ruleRemAtom,extension_mapped_in_lean
reset-random-generator,extension,no,yes,,builtin_mods_doc,/home/zar/claude/hyperon/hyperon-experimental/lib/src/metta/runner/builtin_mods/random.metta:30,no,absent,,,extension_runtime_only
return,core,yes,yes,minimal_instruction,engine_const;stdlib_decl;stdlib_doc,/home/zar/claude/hyperon/hyperon-experimental/lib/src/metta/mod.rs:42,no,present,/home/zar/claude/Mettapedia/lean/mettapedia/Mettapedia/Languages/MeTTa/HE/TransitionSpec.lean:64:def sourceInstrClassFor,/home/zar/claude/Mettapedia/lean/mettapedia/Mettapedia/Languages/MeTTa/HE/TransitionSpec.lean:64:def sourceInstrClassFor,core_implemented
return-on-error,extension,no,yes,,stdlib_decl;stdlib_doc;stdlib_eq,/home/zar/claude/hyperon/hyperon-experimental/lib/src/metta/runner/stdlib/stdlib.metta:319,no,absent,,,extension_runtime_only
round-math,extension,no,yes,,stdlib_doc,/home/zar/claude/hyperon/hyperon-experimental/lib/src/metta/runner/stdlib/stdlib.metta:180,no,absent,,,extension_runtime_only
sealed,extension,no,yes,,stdlib_doc,/home/zar/claude/hyperon/hyperon-experimental/lib/src/metta/runner/stdlib/stdlib.metta:1298,no,present,/home/zar/claude/Mettapedia/lean/mettapedia/Mettapedia/Languages/MeTTa/PureKernel/ProfileTheory.lean:10:- a sealed base step relation with exactly the three pure β rules,,extension_mapped_in_lean
set-random-seed,extension,no,yes,,builtin_mods_doc,/home/zar/claude/hyperon/hyperon-experimental/lib/src/metta/runner/builtin_mods/random.metta:17,no,absent,,,extension_runtime_only
sin-math,extension,no,yes,,stdlib_doc,/home/zar/claude/hyperon/hyperon-experimental/lib/src/metta/runner/stdlib/stdlib.metta:186,no,absent,,,extension_runtime_only
size-atom,extension,no,yes,,stdlib_doc,/home/zar/claude/hyperon/hyperon-experimental/lib/src/metta/runner/stdlib/stdlib.metta:123,no,absent,,,extension_runtime_only
skel-swap-pair,extension,no,yes,,builtin_mods_decl;builtin_mods_doc;builtin_mods_eq,/home/zar/claude/hyperon/hyperon-experimental/lib/src/metta/runner/builtin_mods/skel.metta:4,no,absent,,,extension_runtime_only
skel-swap-pair-native,extension,no,yes,,builtin_mods_doc,/home/zar/claude/hyperon/hyperon-experimental/lib/src/metta/runner/builtin_mods/skel.metta:13,no,absent,,,extension_runtime_only
sort-strings,extension,no,yes,,stdlib_doc,/home/zar/claude/hyperon/hyperon-experimental/lib/src/metta/runner/stdlib/stdlib.metta:1292,yes,absent,,,extension_runtime_only
sqrt-math,extension,no,yes,,stdlib_doc,/home/zar/claude/hyperon/hyperon-experimental/lib/src/metta/runner/stdlib/stdlib.metta:143,no,absent,,,extension_runtime_only
subtraction,extension,no,yes,,stdlib_decl;stdlib_doc;stdlib_eq,/home/zar/claude/hyperon/hyperon-experimental/lib/src/metta/runner/stdlib/stdlib.metta:654,no,present,/home/zar/claude/Mettapedia/lean/mettapedia/Mettapedia/Languages/MeTTa/Core/Atomspace.lean:208:/-- Difference of atomspaces (multiset subtraction) -/,/home/zar/claude/Mettapedia/lean/mettapedia/Mettapedia/Languages/MeTTa/Core/Atomspace.lean:203:def inter,extension_mapped_in_lean
subtraction-atom,extension,no,yes,,stdlib_doc,/home/zar/claude/hyperon/hyperon-experimental/lib/src/metta/runner/stdlib/stdlib.metta:1410,no,absent,,,extension_runtime_only
superpose,extension,no,yes,,stdlib_doc,/home/zar/claude/hyperon/hyperon-experimental/lib/src/metta/runner/stdlib/stdlib.metta:1192,yes,present,"/home/zar/claude/Mettapedia/lean/mettapedia/Mettapedia/Languages/MeTTa/PeTTa/TranslateExpr.lean:83:  | .apply ""superpose"" [.collection _ alts _] =>",/home/zar/claude/Mettapedia/lean/mettapedia/Mettapedia/Languages/MeTTa/PeTTa/TranslateExpr.lean:74:def compileExpr,extension_mapped_in_lean
superpose-bind,core,yes,yes,minimal_instruction,engine_const;stdlib_decl;stdlib_doc,/home/zar/claude/hyperon/hyperon-experimental/lib/src/metta/mod.rs:44,no,present,/home/zar/claude/Mettapedia/lean/mettapedia/Mettapedia/Languages/MeTTa/Core/MinimalOps.lean:205:def superposeBind,/home/zar/claude/Mettapedia/lean/mettapedia/Mettapedia/Languages/MeTTa/Core/MinimalOps.lean:205:def superposeBind,core_implemented
switch,extension,no,yes,,stdlib_decl;stdlib_doc;stdlib_eq,/home/zar/claude/hyperon/hyperon-experimental/lib/src/metta/runner/stdlib/stdlib.metta:339,yes,present,"/home/zar/claude/Mettapedia/lean/mettapedia/Mettapedia/Languages/MeTTa/HE/Interpreter.lean:342:          if op == .symbol ""switch"" || op == .symbol ""switch-minimal"" then",/home/zar/claude/Mettapedia/lean/mettapedia/Mettapedia/Languages/MeTTa/HE/Interpreter.lean:307:def mettaCall,extension_mapped_in_lean
switch-internal,extension,no,yes,,stdlib_decl;stdlib_doc;stdlib_eq,/home/zar/claude/hyperon/hyperon-experimental/lib/src/metta/runner/stdlib/stdlib.metta:355,no,present,"/home/zar/claude/Mettapedia/lean/mettapedia/Mettapedia/Languages/MeTTa/HE/Interpreter.lean:357:          else if op == .symbol ""switch-internal"" then",/home/zar/claude/Mettapedia/lean/mettapedia/Mettapedia/Languages/MeTTa/HE/Interpreter.lean:307:def mettaCall,extension_mapped_in_lean
switch-minimal,extension,no,yes,,stdlib_decl;stdlib_eq,/home/zar/claude/hyperon/hyperon-experimental/lib/src/metta/runner/stdlib/stdlib.metta:349,yes,present,"/home/zar/claude/Mettapedia/lean/mettapedia/Mettapedia/Languages/MeTTa/HE/Conformance.lean:387:    testEval (.expression [.symbol ""switch-minimal"", .symbol ""a"",",/home/zar/claude/Mettapedia/lean/mettapedia/Mettapedia/Languages/MeTTa/HE/Conformance.lean:386:theorem extension_switch_minimal_first_match,extension_mapped_in_lean
tan-math,extension,no,yes,,stdlib_doc,/home/zar/claude/hyperon/hyperon-experimental/lib/src/metta/runner/stdlib/stdlib.metta:210,no,absent,,,extension_runtime_only
trace!,extension,no,yes,,stdlib_doc,/home/zar/claude/hyperon/hyperon-experimental/lib/src/metta/runner/stdlib/stdlib.metta:1272,no,absent,,,extension_runtime_only
trunc-math,extension,no,yes,,stdlib_doc,/home/zar/claude/hyperon/hyperon-experimental/lib/src/metta/runner/stdlib/stdlib.metta:162,no,absent,,,extension_runtime_only
type-cast,extension,no,yes,,stdlib_doc;stdlib_eq,/home/zar/claude/hyperon/hyperon-experimental/lib/src/metta/runner/stdlib/stdlib.metta:387,no,present,"/home/zar/claude/Mettapedia/lean/mettapedia/Mettapedia/Languages/MeTTa/HE/HELanguageDef.lean:152:      syntaxPattern := [.terminal ""type-cast"", .terminal ""("", .nonTerminal ""atom"",",/home/zar/claude/Mettapedia/lean/mettapedia/Mettapedia/Languages/MeTTa/HE/HELanguageDef.lean:88:def mettaHE,extension_mapped_in_lean
type_cast,core,yes,no,algorithm_name,,,no,present,/home/zar/claude/Mettapedia/lean/mettapedia/Mettapedia/Languages/MeTTa/HE/TypeCheck.lean:126:def typeCast,/home/zar/claude/Mettapedia/lean/mettapedia/Mettapedia/Languages/MeTTa/HE/TypeCheck.lean:126:def typeCast,core_implemented
undefined-doc-function-type,extension,no,yes,,stdlib_decl;stdlib_doc;stdlib_eq,/home/zar/claude/hyperon/hyperon-experimental/lib/src/metta/runner/stdlib/stdlib.metta:830,no,absent,,,extension_runtime_only
unify,core,yes,yes,minimal_instruction,engine_const;stdlib_decl;stdlib_doc,/home/zar/claude/hyperon/hyperon-experimental/lib/src/metta/mod.rs:38,yes,present,/home/zar/claude/Mettapedia/lean/mettapedia/Mettapedia/Languages/MeTTa/Core/FullLanguageDef.lean:29:def mettaFull,/home/zar/claude/Mettapedia/lean/mettapedia/Mettapedia/Languages/MeTTa/Core/FullLanguageDef.lean:29:def mettaFull,core_implemented
union,extension,no,yes,,stdlib_decl;stdlib_doc;stdlib_eq,/home/zar/claude/hyperon/hyperon-experimental/lib/src/metta/runner/stdlib/stdlib.metta:632,no,present,/home/zar/claude/Mettapedia/lean/mettapedia/Mettapedia/Languages/MeTTa/Pure/Confluence.lean:178:        exact .step (hBs x (fun h => hx (Finset.mem_union_left _ h))),/home/zar/claude/Mettapedia/lean/mettapedia/Mettapedia/Languages/MeTTa/Pure/Confluence.lean:157:theorem reduceStar_pi_decomp_aux,extension_mapped_in_lean
union-atom,extension,no,yes,,stdlib_doc,/home/zar/claude/hyperon/hyperon-experimental/lib/src/metta/runner/stdlib/stdlib.metta:1396,no,absent,,,extension_runtime_only
unique,extension,no,yes,,stdlib_decl;stdlib_doc;stdlib_eq,/home/zar/claude/hyperon/hyperon-experimental/lib/src/metta/runner/stdlib/stdlib.metta:624,no,present,/home/zar/claude/Mettapedia/lean/mettapedia/Mettapedia/Languages/MeTTa/Core/Properties.lean:206:/-- Grounded operations produce unique results (confluence at grounded level) -/,/home/zar/claude/Mettapedia/lean/mettapedia/Mettapedia/Languages/MeTTa/Core/Properties.lean:200:theorem value_joinable_self,extension_mapped_in_lean
unique-atom,extension,no,yes,,stdlib_doc,/home/zar/claude/hyperon/hyperon-experimental/lib/src/metta/runner/stdlib/stdlib.metta:1390,no,absent,,,extension_runtime_only
unquote,extension,no,yes,,stdlib_decl;stdlib_doc;stdlib_eq,/home/zar/claude/hyperon/hyperon-experimental/lib/src/metta/runner/stdlib/stdlib.metta:600,no,absent,,,extension_runtime_only
xor,extension,no,yes,,stdlib_doc,/home/zar/claude/hyperon/hyperon-experimental/lib/src/metta/runner/stdlib/stdlib.metta:1383,no,present,"/home/zar/claude/Mettapedia/lean/mettapedia/Mettapedia/Languages/MeTTa/Core/Premises.lean:652:      | .apply ""xor"" [], some b1, some b2 => [[op, lhs, rhs, patternOfBoolSym (b1 != b2)]]",/home/zar/claude/Mettapedia/lean/mettapedia/Mettapedia/Languages/MeTTa/Core/Premises.lean:643:def groundedCallTuples,extension_mapped_in_lean
