symbol,groups,first_evidence,evidence_count,in_core_spec
%,stdlib_doc,/home/zar/claude/hyperon/hyperon-experimental/lib/src/metta/runner/stdlib/stdlib.metta:1341,1,no
%Undefined%,engine_const,/home/zar/claude/hyperon/hyperon-experimental/lib/src/metta/mod.rs:13,1,yes
*,stdlib_doc,/home/zar/claude/hyperon/hyperon-experimental/lib/src/metta/runner/stdlib/stdlib.metta:1327,1,no
+,stdlib_doc,/home/zar/claude/hyperon/hyperon-experimental/lib/src/metta/runner/stdlib/stdlib.metta:1313,1,no
-,stdlib_doc,/home/zar/claude/hyperon/hyperon-experimental/lib/src/metta/runner/stdlib/stdlib.metta:1320,1,no
->,engine_const,/home/zar/claude/hyperon/hyperon-experimental/lib/src/metta/mod.rs:24,2,yes
/,stdlib_doc,/home/zar/claude/hyperon/hyperon-experimental/lib/src/metta/runner/stdlib/stdlib.metta:1334,1,no
:,engine_const,/home/zar/claude/hyperon/hyperon-experimental/lib/src/metta/mod.rs:21,1,yes
:<,engine_const,/home/zar/claude/hyperon/hyperon-experimental/lib/src/metta/mod.rs:22,1,no
<,stdlib_doc,/home/zar/claude/hyperon/hyperon-experimental/lib/src/metta/runner/stdlib/stdlib.metta:1348,1,no
<=,stdlib_doc,/home/zar/claude/hyperon/hyperon-experimental/lib/src/metta/runner/stdlib/stdlib.metta:1362,1,no
=,engine_const;stdlib_decl;stdlib_doc,/home/zar/claude/hyperon/hyperon-experimental/lib/src/metta/mod.rs:23,3,yes
==,stdlib_doc,/home/zar/claude/hyperon/hyperon-experimental/lib/src/metta/runner/stdlib/stdlib.metta:1376,1,no
=alpha,stdlib_doc,/home/zar/claude/hyperon/hyperon-experimental/lib/src/metta/runner/stdlib/stdlib.metta:1081,1,no
>,stdlib_doc,/home/zar/claude/hyperon/hyperon-experimental/lib/src/metta/runner/stdlib/stdlib.metta:1355,1,no
>=,stdlib_doc,/home/zar/claude/hyperon/hyperon-experimental/lib/src/metta/runner/stdlib/stdlib.metta:1369,1,no
@desc,stdlib_decl;stdlib_doc,/home/zar/claude/hyperon/hyperon-experimental/lib/src/metta/runner/stdlib/stdlib.metta:720,2,no
@doc,stdlib_decl;stdlib_doc,/home/zar/claude/hyperon/hyperon-experimental/lib/src/metta/runner/stdlib/stdlib.metta:709,3,no
@doc-formal,stdlib_decl;stdlib_doc,/home/zar/claude/hyperon/hyperon-experimental/lib/src/metta/runner/stdlib/stdlib.metta:743,4,no
@item,stdlib_decl;stdlib_doc,/home/zar/claude/hyperon/hyperon-experimental/lib/src/metta/runner/stdlib/stdlib.metta:757,2,no
@kind,stdlib_decl;stdlib_doc,/home/zar/claude/hyperon/hyperon-experimental/lib/src/metta/runner/stdlib/stdlib.metta:767,4,no
@param,stdlib_decl;stdlib_doc,/home/zar/claude/hyperon/hyperon-experimental/lib/src/metta/runner/stdlib/stdlib.metta:727,3,no
@params,stdlib_decl;stdlib_doc,/home/zar/claude/hyperon/hyperon-experimental/lib/src/metta/runner/stdlib/stdlib.metta:782,2,no
@return,stdlib_decl;stdlib_doc,/home/zar/claude/hyperon/hyperon-experimental/lib/src/metta/runner/stdlib/stdlib.metta:735,3,no
@type,stdlib_decl;stdlib_doc,/home/zar/claude/hyperon/hyperon-experimental/lib/src/metta/runner/stdlib/stdlib.metta:775,2,no
Atom,engine_const,/home/zar/claude/hyperon/hyperon-experimental/lib/src/metta/mod.rs:15,1,yes
BadArgType,engine_const;stdlib_decl;stdlib_doc,/home/zar/claude/hyperon/hyperon-experimental/lib/src/metta/mod.rs:27,3,no
BadType,engine_const;stdlib_decl;stdlib_doc,/home/zar/claude/hyperon/hyperon-experimental/lib/src/metta/mod.rs:26,3,no
Empty,engine_const,/home/zar/claude/hyperon/hyperon-experimental/lib/src/metta/mod.rs:33,1,no
Error,engine_const;stdlib_decl;stdlib_doc,/home/zar/claude/hyperon/hyperon-experimental/lib/src/metta/mod.rs:25,3,no
ErrorType,stdlib_decl;stdlib_doc,/home/zar/claude/hyperon/hyperon-experimental/lib/src/metta/runner/stdlib/stdlib.metta:9,2,no
Expression,engine_const,/home/zar/claude/hyperon/hyperon-experimental/lib/src/metta/mod.rs:18,1,yes
Grounded,engine_const,/home/zar/claude/hyperon/hyperon-experimental/lib/src/metta/mod.rs:19,1,yes
IncorrectNumberOfArguments,engine_const;stdlib_decl,/home/zar/claude/hyperon/hyperon-experimental/lib/src/metta/mod.rs:28,2,yes
NoReturn,engine_const,/home/zar/claude/hyperon/hyperon-experimental/lib/src/metta/mod.rs:31,1,yes
NotReducible,engine_const,/home/zar/claude/hyperon/hyperon-experimental/lib/src/metta/mod.rs:29,1,no
Pair,builtin_mods_decl,/home/zar/claude/hyperon/hyperon-experimental/lib/src/metta/runner/builtin_mods/skel.metta:2,1,no
PairType,builtin_mods_decl,/home/zar/claude/hyperon/hyperon-experimental/lib/src/metta/runner/builtin_mods/skel.metta:1,1,no
SpaceType,stdlib_decl;stdlib_doc,/home/zar/claude/hyperon/hyperon-experimental/lib/src/metta/runner/stdlib/stdlib.metta:12,2,no
StackOverflow,engine_const,/home/zar/claude/hyperon/hyperon-experimental/lib/src/metta/mod.rs:30,1,yes
Symbol,engine_const,/home/zar/claude/hyperon/hyperon-experimental/lib/src/metta/mod.rs:16,1,yes
Type,engine_const,/home/zar/claude/hyperon/hyperon-experimental/lib/src/metta/mod.rs:14,1,yes
Variable,engine_const,/home/zar/claude/hyperon/hyperon-experimental/lib/src/metta/mod.rs:17,1,yes
_collapse-add-next-atom-from-collapse-bind-result,stdlib_doc,/home/zar/claude/hyperon/hyperon-experimental/lib/src/metta/runner/stdlib/stdlib.metta:1211,1,no
abs-math,stdlib_doc,/home/zar/claude/hyperon/hyperon-experimental/lib/src/metta/runner/stdlib/stdlib.metta:149,1,no
acos-math,stdlib_doc,/home/zar/claude/hyperon/hyperon-experimental/lib/src/metta/runner/stdlib/stdlib.metta:204,1,no
add-atom,stdlib_doc,/home/zar/claude/hyperon/hyperon-experimental/lib/src/metta/runner/stdlib/stdlib.metta:973,1,no
add-atoms,stdlib_decl;stdlib_doc;stdlib_eq,/home/zar/claude/hyperon/hyperon-experimental/lib/src/metta/runner/stdlib/stdlib.metta:675,3,no
add-reduct,stdlib_decl;stdlib_doc;stdlib_eq,/home/zar/claude/hyperon/hyperon-experimental/lib/src/metta/runner/stdlib/stdlib.metta:561,3,no
add-reducts,stdlib_decl;stdlib_doc;stdlib_eq,/home/zar/claude/hyperon/hyperon-experimental/lib/src/metta/runner/stdlib/stdlib.metta:665,3,no
and,stdlib_doc,/home/zar/claude/hyperon/hyperon-experimental/lib/src/metta/runner/stdlib/stdlib.metta:522,1,no
asin-math,stdlib_doc,/home/zar/claude/hyperon/hyperon-experimental/lib/src/metta/runner/stdlib/stdlib.metta:192,1,no
assert,stdlib_decl;stdlib_eq,/home/zar/claude/hyperon/hyperon-experimental/lib/src/metta/runner/stdlib/stdlib.metta:700,2,no
assertAlphaEqual,stdlib_decl;stdlib_doc;stdlib_eq,/home/zar/claude/hyperon/hyperon-experimental/lib/src/metta/runner/stdlib/stdlib.metta:1115,3,no
assertAlphaEqualMsg,stdlib_decl;stdlib_doc;stdlib_eq,/home/zar/claude/hyperon/hyperon-experimental/lib/src/metta/runner/stdlib/stdlib.metta:1128,3,no
assertAlphaEqualToResult,stdlib_decl;stdlib_doc;stdlib_eq,/home/zar/claude/hyperon/hyperon-experimental/lib/src/metta/runner/stdlib/stdlib.metta:1167,3,no
assertAlphaEqualToResultMsg,stdlib_decl;stdlib_doc;stdlib_eq,/home/zar/claude/hyperon/hyperon-experimental/lib/src/metta/runner/stdlib/stdlib.metta:1179,3,no
assertEqual,stdlib_decl;stdlib_doc;stdlib_eq,/home/zar/claude/hyperon/hyperon-experimental/lib/src/metta/runner/stdlib/stdlib.metta:1088,3,no
assertEqualMsg,stdlib_decl;stdlib_doc;stdlib_eq,/home/zar/claude/hyperon/hyperon-experimental/lib/src/metta/runner/stdlib/stdlib.metta:1101,3,no
assertEqualToResult,stdlib_decl;stdlib_doc;stdlib_eq,/home/zar/claude/hyperon/hyperon-experimental/lib/src/metta/runner/stdlib/stdlib.metta:1142,3,no
assertEqualToResultMsg,stdlib_decl;stdlib_doc;stdlib_eq,/home/zar/claude/hyperon/hyperon-experimental/lib/src/metta/runner/stdlib/stdlib.metta:1154,3,no
assertIncludes,stdlib_decl;stdlib_doc;stdlib_eq,/home/zar/claude/hyperon/hyperon-experimental/lib/src/metta/runner/stdlib/stdlib.metta:685,3,no
atan-math,stdlib_doc,/home/zar/claude/hyperon/hyperon-experimental/lib/src/metta/runner/stdlib/stdlib.metta:216,1,no
atom-subst,stdlib_decl;stdlib_doc;stdlib_eq,/home/zar/claude/hyperon/hyperon-experimental/lib/src/metta/runner/stdlib/stdlib.metta:273,3,no
bind!,stdlib_doc,/home/zar/claude/hyperon/hyperon-experimental/lib/src/metta/runner/stdlib/stdlib.metta:1265,1,no
call-native,engine_const,/home/zar/claude/hyperon/hyperon-experimental/lib/src/metta/mod.rs:47,1,yes
capture,stdlib_doc,/home/zar/claude/hyperon/hyperon-experimental/lib/src/metta/runner/stdlib/stdlib.metta:1235,1,no
car-atom,stdlib_decl;stdlib_doc;stdlib_eq,/home/zar/claude/hyperon/hyperon-experimental/lib/src/metta/runner/stdlib/stdlib.metta:570,3,no
case,stdlib_decl;stdlib_doc;stdlib_eq,/home/zar/claude/hyperon/hyperon-experimental/lib/src/metta/runner/stdlib/stdlib.metta:1218,3,no
catalog-clear!,builtin_mods_doc,/home/zar/claude/hyperon/hyperon-experimental/lib/src/metta/runner/builtin_mods/catalog.metta:13,1,no
catalog-list!,builtin_mods_doc,/home/zar/claude/hyperon/hyperon-experimental/lib/src/metta/runner/builtin_mods/catalog.metta:1,1,no
catalog-update!,builtin_mods_doc,/home/zar/claude/hyperon/hyperon-experimental/lib/src/metta/runner/builtin_mods/catalog.metta:7,1,no
cdr-atom,stdlib_decl;stdlib_doc;stdlib_eq,/home/zar/claude/hyperon/hyperon-experimental/lib/src/metta/runner/stdlib/stdlib.metta:581,3,no
ceil-math,stdlib_doc,/home/zar/claude/hyperon/hyperon-experimental/lib/src/metta/runner/stdlib/stdlib.metta:168,1,no
chain,engine_const;stdlib_decl;stdlib_doc,/home/zar/claude/hyperon/hyperon-experimental/lib/src/metta/mod.rs:37,3,yes
change-state!,stdlib_doc,/home/zar/claude/hyperon/hyperon-experimental/lib/src/metta/runner/stdlib/stdlib.metta:1037,1,no
collapse,stdlib_decl;stdlib_doc;stdlib_eq,/home/zar/claude/hyperon/hyperon-experimental/lib/src/metta/runner/stdlib/stdlib.metta:1198,3,no
collapse-bind,engine_const;stdlib_decl;stdlib_doc,/home/zar/claude/hyperon/hyperon-experimental/lib/src/metta/mod.rs:43,3,yes
cons-atom,engine_const;stdlib_decl;stdlib_doc,/home/zar/claude/hyperon/hyperon-experimental/lib/src/metta/mod.rs:40,3,yes
context-space,engine_const;stdlib_decl;stdlib_doc,/home/zar/claude/hyperon/hyperon-experimental/lib/src/metta/mod.rs:48,3,yes
cos-math,stdlib_doc,/home/zar/claude/hyperon/hyperon-experimental/lib/src/metta/runner/stdlib/stdlib.metta:198,1,no
das-create-context!,builtin_mods_doc,/home/zar/claude/hyperon/hyperon-experimental/lib/src/metta/runner/builtin_mods/das.metta:35,1,no
das-evolution!,builtin_mods_doc,/home/zar/claude/hyperon/hyperon-experimental/lib/src/metta/runner/builtin_mods/das.metta:42,1,no
das-get-params!,builtin_mods_doc,/home/zar/claude/hyperon/hyperon-experimental/lib/src/metta/runner/builtin_mods/das.metta:30,1,no
das-helpers!,builtin_mods_doc,/home/zar/claude/hyperon/hyperon-experimental/lib/src/metta/runner/builtin_mods/das.metta:56,1,no
das-join-network!,builtin_mods_doc,/home/zar/claude/hyperon/hyperon-experimental/lib/src/metta/runner/builtin_mods/das.metta:8,1,no
das-link-creation!,builtin_mods_doc,/home/zar/claude/hyperon/hyperon-experimental/lib/src/metta/runner/builtin_mods/das.metta:49,1,no
das-service-status!,builtin_mods_doc,/home/zar/claude/hyperon/hyperon-experimental/lib/src/metta/runner/builtin_mods/das.metta:18,1,no
das-services!,builtin_mods_doc,/home/zar/claude/hyperon/hyperon-experimental/lib/src/metta/runner/builtin_mods/das.metta:13,1,no
das-set-param!,builtin_mods_doc,/home/zar/claude/hyperon/hyperon-experimental/lib/src/metta/runner/builtin_mods/das.metta:24,1,no
decons-atom,engine_const;stdlib_decl;stdlib_doc,/home/zar/claude/hyperon/hyperon-experimental/lib/src/metta/mod.rs:39,3,yes
dict-space,builtin_mods_decl;builtin_mods_doc;builtin_mods_eq,/home/zar/claude/hyperon/hyperon-experimental/lib/src/metta/runner/builtin_mods/json.metta:20,3,no
empty,stdlib_doc;stdlib_eq,/home/zar/claude/hyperon/hyperon-experimental/lib/src/metta/runner/stdlib/stdlib.metta:618,2,no
eval,engine_const;stdlib_decl;stdlib_doc,/home/zar/claude/hyperon/hyperon-experimental/lib/src/metta/mod.rs:35,3,yes
evalc,engine_const;stdlib_decl;stdlib_doc,/home/zar/claude/hyperon/hyperon-experimental/lib/src/metta/mod.rs:36,3,yes
file-get-size!,builtin_mods_doc,/home/zar/claude/hyperon/hyperon-experimental/lib/src/metta/runner/builtin_mods/fileio.metta:43,1,no
file-open!,builtin_mods_doc,/home/zar/claude/hyperon/hyperon-experimental/lib/src/metta/runner/builtin_mods/fileio.metta:1,1,no
file-read-exact!,builtin_mods_doc,/home/zar/claude/hyperon/hyperon-experimental/lib/src/metta/runner/builtin_mods/fileio.metta:34,1,no
file-read-to-string!,builtin_mods_doc,/home/zar/claude/hyperon/hyperon-experimental/lib/src/metta/runner/builtin_mods/fileio.metta:11,1,no
file-seek!,builtin_mods_doc,/home/zar/claude/hyperon/hyperon-experimental/lib/src/metta/runner/builtin_mods/fileio.metta:26,1,no
file-write!,builtin_mods_doc,/home/zar/claude/hyperon/hyperon-experimental/lib/src/metta/runner/builtin_mods/fileio.metta:18,1,no
filter-atom,stdlib_decl;stdlib_doc;stdlib_eq,/home/zar/claude/hyperon/hyperon-experimental/lib/src/metta/runner/stdlib/stdlib.metta:447,3,no
first-from-pair,stdlib_doc;stdlib_eq,/home/zar/claude/hyperon/hyperon-experimental/lib/src/metta/runner/stdlib/stdlib.metta:424,2,no
flip,builtin_mods_doc,/home/zar/claude/hyperon/hyperon-experimental/lib/src/metta/runner/builtin_mods/random.metta:36,1,no
floor-math,stdlib_doc,/home/zar/claude/hyperon/hyperon-experimental/lib/src/metta/runner/stdlib/stdlib.metta:174,1,no
foldl-atom,stdlib_decl;stdlib_doc;stdlib_eq,/home/zar/claude/hyperon/hyperon-experimental/lib/src/metta/runner/stdlib/stdlib.metta:485,3,no
for-each-in-atom,stdlib_decl;stdlib_doc;stdlib_eq,/home/zar/claude/hyperon/hyperon-experimental/lib/src/metta/runner/stdlib/stdlib.metta:945,3,no
format-args,stdlib_doc,/home/zar/claude/hyperon/hyperon-experimental/lib/src/metta/runner/stdlib/stdlib.metta:1285,1,no
function,engine_const;stdlib_decl;stdlib_doc,/home/zar/claude/hyperon/hyperon-experimental/lib/src/metta/mod.rs:41,3,yes
get-atoms,stdlib_doc,/home/zar/claude/hyperon/hyperon-experimental/lib/src/metta/runner/stdlib/stdlib.metta:1020,1,no
get-doc,stdlib_decl;stdlib_doc;stdlib_eq,/home/zar/claude/hyperon/hyperon-experimental/lib/src/metta/runner/stdlib/stdlib.metta:789,3,no
get-doc-atom,stdlib_decl;stdlib_doc;stdlib_eq,/home/zar/claude/hyperon/hyperon-experimental/lib/src/metta/runner/stdlib/stdlib.metta:862,3,no
get-doc-function,stdlib_decl;stdlib_doc;stdlib_eq,/home/zar/claude/hyperon/hyperon-experimental/lib/src/metta/runner/stdlib/stdlib.metta:815,3,no
get-doc-params,stdlib_decl;stdlib_doc;stdlib_eq,/home/zar/claude/hyperon/hyperon-experimental/lib/src/metta/runner/stdlib/stdlib.metta:842,3,no
get-doc-single-atom,stdlib_decl;stdlib_doc;stdlib_eq,/home/zar/claude/hyperon/hyperon-experimental/lib/src/metta/runner/stdlib/stdlib.metta:802,3,no
get-keys,builtin_mods_decl;builtin_mods_doc;builtin_mods_eq,/home/zar/claude/hyperon/hyperon-experimental/lib/src/metta/runner/builtin_mods/json.metta:10,3,no
get-metatype,stdlib_doc,/home/zar/claude/hyperon/hyperon-experimental/lib/src/metta/runner/stdlib/stdlib.metta:993,1,no
get-state,stdlib_doc,/home/zar/claude/hyperon/hyperon-experimental/lib/src/metta/runner/stdlib/stdlib.metta:1044,1,no
get-type,stdlib_doc,/home/zar/claude/hyperon/hyperon-experimental/lib/src/metta/runner/stdlib/stdlib.metta:980,1,no
get-type-space,stdlib_doc,/home/zar/claude/hyperon/hyperon-experimental/lib/src/metta/runner/stdlib/stdlib.metta:986,1,no
get-value,builtin_mods_decl;builtin_mods_doc;builtin_mods_eq,/home/zar/claude/hyperon/hyperon-experimental/lib/src/metta/runner/builtin_mods/json.metta:1,3,no
git-module!,stdlib_doc,/home/zar/claude/hyperon/hyperon-experimental/lib/src/metta/runner/stdlib/stdlib.metta:1417,1,no
help!,stdlib_decl;stdlib_doc;stdlib_eq,/home/zar/claude/hyperon/hyperon-experimental/lib/src/metta/runner/stdlib/stdlib.metta:877,5,no
help-internal!,stdlib_decl;stdlib_eq,/home/zar/claude/hyperon/hyperon-experimental/lib/src/metta/runner/stdlib/stdlib.metta:891,4,no
help-param!,stdlib_decl;stdlib_doc;stdlib_eq,/home/zar/claude/hyperon/hyperon-experimental/lib/src/metta/runner/stdlib/stdlib.metta:935,3,no
help-space!,stdlib_decl;stdlib_doc;stdlib_eq,/home/zar/claude/hyperon/hyperon-experimental/lib/src/metta/runner/stdlib/stdlib.metta:918,4,no
id,stdlib_decl;stdlib_doc;stdlib_eq,/home/zar/claude/hyperon/hyperon-experimental/lib/src/metta/runner/stdlib/stdlib.metta:257,3,no
if,stdlib_decl;stdlib_doc;stdlib_eq,/home/zar/claude/hyperon/hyperon-experimental/lib/src/metta/runner/stdlib/stdlib.metta:504,4,no
if-decons-expr,stdlib_decl;stdlib_doc;stdlib_eq,/home/zar/claude/hyperon/hyperon-experimental/lib/src/metta/runner/stdlib/stdlib.metta:284,3,no
if-equal,stdlib_doc,/home/zar/claude/hyperon/hyperon-experimental/lib/src/metta/runner/stdlib/stdlib.metta:999,1,no
if-error,stdlib_decl;stdlib_doc;stdlib_eq,/home/zar/claude/hyperon/hyperon-experimental/lib/src/metta/runner/stdlib/stdlib.metta:300,3,no
import!,stdlib_doc,/home/zar/claude/hyperon/hyperon-experimental/lib/src/metta/runner/stdlib/stdlib.metta:1252,1,no
include,stdlib_doc,/home/zar/claude/hyperon/hyperon-experimental/lib/src/metta/runner/stdlib/stdlib.metta:1259,1,no
index-atom,stdlib_doc,/home/zar/claude/hyperon/hyperon-experimental/lib/src/metta/runner/stdlib/stdlib.metta:129,1,no
intersection,stdlib_decl;stdlib_doc;stdlib_eq,/home/zar/claude/hyperon/hyperon-experimental/lib/src/metta/runner/stdlib/stdlib.metta:643,3,no
intersection-atom,stdlib_doc,/home/zar/claude/hyperon/hyperon-experimental/lib/src/metta/runner/stdlib/stdlib.metta:1403,1,no
is-function,stdlib_decl;stdlib_doc;stdlib_eq,/home/zar/claude/hyperon/hyperon-experimental/lib/src/metta/runner/stdlib/stdlib.metta:371,3,no
isinf-math,stdlib_doc,/home/zar/claude/hyperon/hyperon-experimental/lib/src/metta/runner/stdlib/stdlib.metta:228,1,no
isnan-math,stdlib_doc,/home/zar/claude/hyperon/hyperon-experimental/lib/src/metta/runner/stdlib/stdlib.metta:222,1,no
json-decode,builtin_mods_doc,/home/zar/claude/hyperon/hyperon-experimental/lib/src/metta/runner/builtin_mods/json.metta:37,1,no
json-encode,builtin_mods_doc,/home/zar/claude/hyperon/hyperon-experimental/lib/src/metta/runner/builtin_mods/json.metta:31,1,no
let,stdlib_decl;stdlib_doc;stdlib_eq,/home/zar/claude/hyperon/hyperon-experimental/lib/src/metta/runner/stdlib/stdlib.metta:535,3,no
let*,stdlib_decl;stdlib_doc;stdlib_eq,/home/zar/claude/hyperon/hyperon-experimental/lib/src/metta/runner/stdlib/stdlib.metta:546,3,no
log-math,stdlib_doc,/home/zar/claude/hyperon/hyperon-experimental/lib/src/metta/runner/stdlib/stdlib.metta:155,1,no
map-atom,stdlib_decl;stdlib_doc;stdlib_eq,/home/zar/claude/hyperon/hyperon-experimental/lib/src/metta/runner/stdlib/stdlib.metta:467,3,no
match,stdlib_doc,/home/zar/claude/hyperon/hyperon-experimental/lib/src/metta/runner/stdlib/stdlib.metta:1050,1,no
match-type-or,stdlib_doc;stdlib_eq,/home/zar/claude/hyperon/hyperon-experimental/lib/src/metta/runner/stdlib/stdlib.metta:435,2,no
match-types,stdlib_doc;stdlib_eq,/home/zar/claude/hyperon/hyperon-experimental/lib/src/metta/runner/stdlib/stdlib.metta:405,2,no
max-atom,stdlib_doc,/home/zar/claude/hyperon/hyperon-experimental/lib/src/metta/runner/stdlib/stdlib.metta:117,1,no
metta,engine_const;stdlib_decl;stdlib_doc,/home/zar/claude/hyperon/hyperon-experimental/lib/src/metta/mod.rs:46,3,yes
min-atom,stdlib_doc,/home/zar/claude/hyperon/hyperon-experimental/lib/src/metta/runner/stdlib/stdlib.metta:111,1,no
mod-space!,stdlib_doc,/home/zar/claude/hyperon/hyperon-experimental/lib/src/metta/runner/stdlib/stdlib.metta:1064,1,no
module-space-no-deps,stdlib_doc,/home/zar/claude/hyperon/hyperon-experimental/lib/src/metta/runner/stdlib/stdlib.metta:1070,1,no
new-das!,builtin_mods_doc,/home/zar/claude/hyperon/hyperon-experimental/lib/src/metta/runner/builtin_mods/das.metta:1,1,no
new-random-generator,builtin_mods_doc,/home/zar/claude/hyperon/hyperon-experimental/lib/src/metta/runner/builtin_mods/random.metta:24,1,no
new-space,stdlib_doc,/home/zar/claude/hyperon/hyperon-experimental/lib/src/metta/runner/stdlib/stdlib.metta:1008,1,no
new-state,stdlib_decl;stdlib_doc;stdlib_eq,/home/zar/claude/hyperon/hyperon-experimental/lib/src/metta/runner/stdlib/stdlib.metta:1026,3,no
noeval,stdlib_decl;stdlib_doc;stdlib_eq,/home/zar/claude/hyperon/hyperon-experimental/lib/src/metta/runner/stdlib/stdlib.metta:265,3,no
nop,stdlib_doc;stdlib_eq,/home/zar/claude/hyperon/hyperon-experimental/lib/src/metta/runner/stdlib/stdlib.metta:610,3,no
noreduce-eq,stdlib_decl;stdlib_doc;stdlib_eq,/home/zar/claude/hyperon/hyperon-experimental/lib/src/metta/runner/stdlib/stdlib.metta:960,3,no
not,stdlib_doc,/home/zar/claude/hyperon/hyperon-experimental/lib/src/metta/runner/stdlib/stdlib.metta:529,1,no
or,stdlib_doc,/home/zar/claude/hyperon/hyperon-experimental/lib/src/metta/runner/stdlib/stdlib.metta:515,1,no
pow-math,stdlib_doc,/home/zar/claude/hyperon/hyperon-experimental/lib/src/metta/runner/stdlib/stdlib.metta:136,1,no
pragma!,stdlib_doc,/home/zar/claude/hyperon/hyperon-experimental/lib/src/metta/runner/stdlib/stdlib.metta:1241,1,no
print-mods!,stdlib_doc,/home/zar/claude/hyperon/hyperon-experimental/lib/src/metta/runner/stdlib/stdlib.metta:1076,1,no
println!,stdlib_doc,/home/zar/claude/hyperon/hyperon-experimental/lib/src/metta/runner/stdlib/stdlib.metta:1279,1,no
quote,stdlib_decl;stdlib_doc;stdlib_eq,/home/zar/claude/hyperon/hyperon-experimental/lib/src/metta/runner/stdlib/stdlib.metta:592,3,no
random-float,builtin_mods_doc,/home/zar/claude/hyperon/hyperon-experimental/lib/src/metta/runner/builtin_mods/random.metta:9,1,no
random-int,builtin_mods_doc,/home/zar/claude/hyperon/hyperon-experimental/lib/src/metta/runner/builtin_mods/random.metta:1,1,no
register-module!,stdlib_doc,/home/zar/claude/hyperon/hyperon-experimental/lib/src/metta/runner/stdlib/stdlib.metta:1058,1,no
remove-atom,stdlib_doc,/home/zar/claude/hyperon/hyperon-experimental/lib/src/metta/runner/stdlib/stdlib.metta:1013,1,no
reset-random-generator,builtin_mods_doc,/home/zar/claude/hyperon/hyperon-experimental/lib/src/metta/runner/builtin_mods/random.metta:30,1,no
return,engine_const;stdlib_decl;stdlib_doc,/home/zar/claude/hyperon/hyperon-experimental/lib/src/metta/mod.rs:42,3,yes
return-on-error,stdlib_decl;stdlib_doc;stdlib_eq,/home/zar/claude/hyperon/hyperon-experimental/lib/src/metta/runner/stdlib/stdlib.metta:319,3,no
round-math,stdlib_doc,/home/zar/claude/hyperon/hyperon-experimental/lib/src/metta/runner/stdlib/stdlib.metta:180,1,no
sealed,stdlib_doc,/home/zar/claude/hyperon/hyperon-experimental/lib/src/metta/runner/stdlib/stdlib.metta:1298,1,no
set-random-seed,builtin_mods_doc,/home/zar/claude/hyperon/hyperon-experimental/lib/src/metta/runner/builtin_mods/random.metta:17,1,no
sin-math,stdlib_doc,/home/zar/claude/hyperon/hyperon-experimental/lib/src/metta/runner/stdlib/stdlib.metta:186,1,no
size-atom,stdlib_doc,/home/zar/claude/hyperon/hyperon-experimental/lib/src/metta/runner/stdlib/stdlib.metta:123,1,no
skel-swap-pair,builtin_mods_decl;builtin_mods_doc;builtin_mods_eq,/home/zar/claude/hyperon/hyperon-experimental/lib/src/metta/runner/builtin_mods/skel.metta:4,3,no
skel-swap-pair-native,builtin_mods_doc,/home/zar/claude/hyperon/hyperon-experimental/lib/src/metta/runner/builtin_mods/skel.metta:13,1,no
sort-strings,stdlib_doc,/home/zar/claude/hyperon/hyperon-experimental/lib/src/metta/runner/stdlib/stdlib.metta:1292,1,no
sqrt-math,stdlib_doc,/home/zar/claude/hyperon/hyperon-experimental/lib/src/metta/runner/stdlib/stdlib.metta:143,1,no
subtraction,stdlib_decl;stdlib_doc;stdlib_eq,/home/zar/claude/hyperon/hyperon-experimental/lib/src/metta/runner/stdlib/stdlib.metta:654,3,no
subtraction-atom,stdlib_doc,/home/zar/claude/hyperon/hyperon-experimental/lib/src/metta/runner/stdlib/stdlib.metta:1410,1,no
superpose,stdlib_doc,/home/zar/claude/hyperon/hyperon-experimental/lib/src/metta/runner/stdlib/stdlib.metta:1192,1,no
superpose-bind,engine_const;stdlib_decl;stdlib_doc,/home/zar/claude/hyperon/hyperon-experimental/lib/src/metta/mod.rs:44,3,yes
switch,stdlib_decl;stdlib_doc;stdlib_eq,/home/zar/claude/hyperon/hyperon-experimental/lib/src/metta/runner/stdlib/stdlib.metta:339,3,no
switch-internal,stdlib_decl;stdlib_doc;stdlib_eq,/home/zar/claude/hyperon/hyperon-experimental/lib/src/metta/runner/stdlib/stdlib.metta:355,3,no
switch-minimal,stdlib_decl;stdlib_eq,/home/zar/claude/hyperon/hyperon-experimental/lib/src/metta/runner/stdlib/stdlib.metta:349,2,no
tan-math,stdlib_doc,/home/zar/claude/hyperon/hyperon-experimental/lib/src/metta/runner/stdlib/stdlib.metta:210,1,no
trace!,stdlib_doc,/home/zar/claude/hyperon/hyperon-experimental/lib/src/metta/runner/stdlib/stdlib.metta:1272,1,no
trunc-math,stdlib_doc,/home/zar/claude/hyperon/hyperon-experimental/lib/src/metta/runner/stdlib/stdlib.metta:162,1,no
type-cast,stdlib_doc;stdlib_eq,/home/zar/claude/hyperon/hyperon-experimental/lib/src/metta/runner/stdlib/stdlib.metta:387,2,no
undefined-doc-function-type,stdlib_decl;stdlib_doc;stdlib_eq,/home/zar/claude/hyperon/hyperon-experimental/lib/src/metta/runner/stdlib/stdlib.metta:830,3,no
unify,engine_const;stdlib_decl;stdlib_doc,/home/zar/claude/hyperon/hyperon-experimental/lib/src/metta/mod.rs:38,3,yes
union,stdlib_decl;stdlib_doc;stdlib_eq,/home/zar/claude/hyperon/hyperon-experimental/lib/src/metta/runner/stdlib/stdlib.metta:632,3,no
union-atom,stdlib_doc,/home/zar/claude/hyperon/hyperon-experimental/lib/src/metta/runner/stdlib/stdlib.metta:1396,1,no
unique,stdlib_decl;stdlib_doc;stdlib_eq,/home/zar/claude/hyperon/hyperon-experimental/lib/src/metta/runner/stdlib/stdlib.metta:624,3,no
unique-atom,stdlib_doc,/home/zar/claude/hyperon/hyperon-experimental/lib/src/metta/runner/stdlib/stdlib.metta:1390,1,no
unquote,stdlib_decl;stdlib_doc;stdlib_eq,/home/zar/claude/hyperon/hyperon-experimental/lib/src/metta/runner/stdlib/stdlib.metta:600,3,no
xor,stdlib_doc,/home/zar/claude/hyperon/hyperon-experimental/lib/src/metta/runner/stdlib/stdlib.metta:1383,1,no
